level,code,label,parent_code,source,aliases
2,11,"Agriculture, Forestry, Fishing and Hunting",,census_2022,[]
2,21,"Mining, Quarrying, and Oil and Gas Extraction",,census_2022,[]
2,22,Utilities,,census_2022,[]
2,23,Construction,,census_2022,[]
2,31-33,Manufacturing,,census_2022,[]
2,42,Wholesale Trade,,census_2022,[]
2,44-45,Retail Trade,,census_2022,[]
2,48-49,Transportation and Warehousing,,census_2022,[]
2,51,Information,,census_2022,[]
2,52,Finance and Insurance,,census_2022,[]
2,53,Real Estate and Rental and Leasing,,census_2022,[]
2,54,"Professional, Scientific, and Technical Services",,census_2022,[]
2,55,Management of Companies and Enterprises,,census_2022,[]
2,56,Administrative and Support and Waste Management and Remediation Services,,census_2022,[]
2,61,Educational Services,,census_2022,[]
2,62,Health Care and Social Assistance,,census_2022,[]
2,71,"Arts, Entertainment, and Recreation",,census_2022,[]
2,72,Accommodation and Food Services,,census_2022,[]
2,81,Other Services (except Public Administration),,census_2022,[]
2,92,Public Administration,,census_2022,[]
2,99,Unclassified business activity,,irs_pba_2025,[]
3,111,Crop Production,11,census_2022,[]
3,112,Animal Production and Aquaculture,11,census_2022,[]
3,113,Forestry and Logging,11,census_2022,[]
3,114,"Fishing, Hunting and Trapping",11,census_2022,[]
3,115,Support Activities for Agriculture and Forestry,11,census_2022,[]
3,211,Oil and Gas Extraction,21,census_2022,[]
3,212,Mining (except Oil and Gas),21,census_2022,[]
3,213,Support Activities for Mining,21,census_2022,[]
3,221,Utilities,22,census_2022,[]
3,236,Construction of Buildings,23,census_2022,[]
3,237,Heavy and Civil Engineering Construction,23,census_2022,[]
3,238,Specialty Trade Contractors,23,census_2022,[]
3,311,Food Manufacturing,31-33,census_2022,[]
3,312,Beverage and Tobacco Product Manufacturing,31-33,census_2022,[]
3,313,Textile Mills,31-33,census_2022,[]
3,314,Textile Product Mills,31-33,census_2022,[]
3,315,Apparel Manufacturing,31-33,census_2022,[]
3,316,Leather and Allied Product Manufacturing,31-33,census_2022,[]
3,321,Wood Product Manufacturing,31-33,census_2022,[]
3,322,Paper Manufacturing,31-33,census_2022,[]
3,323,Printing and Related Support Activities,31-33,census_2022,[]
3,324,Petroleum and Coal Products Manufacturing,31-33,census_2022,[]
3,325,Chemical Manufacturing,31-33,census_2022,[]
3,326,Plastics and Rubber Products Manufacturing,31-33,census_2022,[]
3,327,Nonmetallic Mineral Product Manufacturing,31-33,census_2022,[]
3,331,Primary Metal Manufacturing,31-33,census_2022,[]
3,332,Fabricated Metal Product Manufacturing,31-33,census_2022,[]
3,333,Machinery Manufacturing,31-33,census_2022,[]
3,334,Computer and Electronic Product Manufacturing,31-33,census_2022,[]
3,335,"Electrical Equipment, Appliance, and Component Manufacturing",31-33,census_2022,[]
3,336,Transportation Equipment Manufacturing,31-33,census_2022,[]
3,337,Furniture and Related Product Manufacturing,31-33,census_2022,[]
3,339,Miscellaneous Manufacturing,31-33,census_2022,[]
3,423,"Merchant Wholesalers, Durable Goods",42,census_2022,[]
3,424,"Merchant Wholesalers, Nondurable Goods",42,census_2022,[]
3,425,Wholesale Trade Agents and Brokers,42,census_2022,[]
3,441,Motor Vehicle and Parts Dealers,44-45,census_2022,[]
3,444,Building Material and Garden Equipment and Supplies Dealers,44-45,census_2022,[]
3,445,Food and Beverage Retailers,44-45,census_2022,[]
3,449,"Furniture, Home Furnishings, Electronics, and Appliance Retailers",44-45,census_2022,[]
3,455,General Merchandise Retailers,44-45,census_2022,[]
3,456,Health and Personal Care Retailers,44-45,census_2022,[]
3,457,Gasoline Stations and Fuel Dealers,44-45,census_2022,[]
3,458,"Clothing, Clothing Accessories, Shoe, and Jewelry Retailers",44-45,census_2022,[]
3,459,"Sporting Goods, Hobby, Musical Instrument, Book, and Miscellaneous Retailers",44-45,census_2022,[]
3,481,Air Transportation,48-49,census_2022,[]
3,482,Rail Transportation,48-49,census_2022,[]
3,483,Water Transportation,48-49,census_2022,[]
3,484,Truck Transportation,48-49,census_2022,[]
3,485,Transit and Ground Passenger Transportation,48-49,census_2022,[]
3,486,Pipeline Transportation,48-49,census_2022,[]
3,487,Scenic and Sightseeing Transportation,48-49,census_2022,[]
3,488,Support Activities for Transportation,48-49,census_2022,[]
3,491,Postal Service,48-49,census_2022,[]
3,492,Couriers and Messengers,48-49,census_2022,[]
3,493,Warehousing and Storage,48-49,census_2022,[]
3,512,Motion Picture and Sound Recording Industries,51,census_2022,[]
3,513,Publishing Industries,51,census_2022,[]
3,516,Broadcasting and Content Providers,51,census_2022,[]
3,517,Telecommunications,51,census_2022,[]
3,518,"Computing Infrastructure Providers, Data Processing, Web Hosting, and Related Services",51,census_2022,[]
3,519,"Web Search Portals, Libraries, Archives, and Other Information Services",51,census_2022,[]
3,521,Monetary Authorities-Central Bank,52,census_2022,[]
3,522,Credit Intermediation and Related Activities,52,census_2022,[]
3,523,"Securities, Commodity Contracts, and Other Financial Investments and Related Activities",52,census_2022,[]
3,524,Insurance Carriers and Related Activities,52,census_2022,[]
3,525,"Funds, Trusts, and Other Financial Vehicles",52,census_2022,[]
3,531,Real Estate,53,census_2022,[]
3,532,Rental and Leasing Services,53,census_2022,[]
3,533,Lessors of Nonfinancial Intangible Assets (except Copyrighted Works),53,census_2022,[]
3,541,"Professional, Scientific, and Technical Services",54,census_2022,[]
3,551,Management of Companies and Enterprises,55,census_2022,[]
3,561,Administrative and Support Services,56,census_2022,[]
3,562,Waste Management and Remediation Services,56,census_2022,[]
3,611,Educational Services,61,census_2022,[]
3,621,Ambulatory Health Care Services,62,census_2022,[]
3,622,Hospitals,62,census_2022,[]
3,623,Nursing and Residential Care Facilities,62,census_2022,[]
3,624,Social Assistance,62,census_2022,[]
3,711,"Performing Arts, Spectator Sports, and Related Industries",71,census_2022,[]
3,712,"Museums, Historical Sites, and Similar Institutions",71,census_2022,[]
3,713,"Amusement, Gambling, and Recreation Industries",71,census_2022,[]
3,721,Accommodation,72,census_2022,[]
3,722,Food Services and Drinking Places,72,census_2022,[]
3,811,Repair and Maintenance,81,census_2022,[]
3,812,Personal and Laundry Services,81,census_2022,[]
3,813,"Religious, Grantmaking, Civic, Professional, and Similar Organizations",81,census_2022,[]
3,814,Private Households,81,census_2022,[]
3,921,"Executive, Legislative, and Other General Government Support",92,census_2022,[]
3,922,"Justice, Public Order, and Safety Activities",92,census_2022,[]
3,923,Administration of Human Resource Programs,92,census_2022,[]
3,924,Administration of Environmental Quality Programs,92,census_2022,[]
3,925,"Administration of Housing Programs, Urban Planning, and Community Development",92,census_2022,[]
3,926,Administration of Economic Programs,92,census_2022,[]
3,927,Space Research and Technology,92,census_2022,[]
3,928,National Security and International Affairs,92,census_2022,[]
3,999,Unclassified establishments,99,irs_pba_2025,[]
6,111100,Oilseed & Grain Farming,111,irs_pba_2025,[]
6,111110,Soybean Farming,111,census_2022,[]
6,111120,Oilseed (except Soybean) Farming,111,census_2022,[]
6,111130,Dry Pea and Bean Farming,111,census_2022,[]
6,111140,Wheat Farming,111,census_2022,[]
6,111150,Corn Farming,111,census_2022,[]
6,111160,Rice Farming,111,census_2022,[]
6,111191,Oilseed and Grain Combination Farming,111,census_2022,[]
6,111199,All Other Grain Farming,111,census_2022,[]
6,111210,Vegetable & Melon Farming (including potatoes & yams),111,irs_pba_2025,[]
6,111211,Potato Farming,111,census_2022,[]
6,111219,Other Vegetable (except Potato) and Melon Farming,111,census_2022,[]
6,111300,Fruit & Tree Nut Farming,111,irs_pba_2025,[]
6,111310,Orange Groves,111,census_2022,[]
6,111320,Citrus (except Orange) Groves,111,census_2022,[]
6,111331,Apple Orchards,111,census_2022,[]
6,111332,Grape Vineyards,111,census_2022,[]
6,111333,Strawberry Farming,111,census_2022,[]
6,111334,Berry (except Strawberry) Farming,111,census_2022,[]
6,111335,Tree Nut Farming,111,census_2022,[]
6,111336,Fruit and Tree Nut Combination Farming,111,census_2022,[]
6,111339,Other Noncitrus Fruit Farming,111,census_2022,[]
6,111400,"Greenhouse, Nursery, & Floriculture Production",111,irs_pba_2025,[]
6,111411,Mushroom Production,111,census_2022,[]
6,111419,Other Food Crops Grown Under Cover,111,census_2022,[]
6,111421,Nursery and Tree Production,111,census_2022,[]
6,111422,Floriculture Production,111,census_2022,[]
6,111900,"Other Crop Farming (including tobacco, cotton, sugarcane, hay, peanut, sugar beet, & all other crop farming)",111,irs_pba_2025,[]
6,111910,Tobacco Farming,111,census_2022,[]
6,111920,Cotton Farming,111,census_2022,[]
6,111930,Sugarcane Farming,111,census_2022,[]
6,111940,Hay Farming,111,census_2022,[]
6,111991,Sugar Beet Farming,111,census_2022,[]
6,111992,Peanut Farming,111,census_2022,[]
6,111998,All Other Miscellaneous Crop Farming,111,census_2022,[]
6,112111,Beef Cattle Ranching and Farming,112,"census_2022,irs_pba_2025","[""Beef Cattle Ranching & Farming""]"
6,112112,Cattle Feedlots,112,"census_2022,irs_pba_2025",[]
6,112120,Dairy Cattle and Milk Production,112,"census_2022,irs_pba_2025","[""Dairy Cattle & Milk Production""]"
6,112130,Dual-Purpose Cattle Ranching and Farming,112,census_2022,[]
6,112210,Hog and Pig Farming,112,"census_2022,irs_pba_2025","[""Hog & Pig Farming""]"
6,112300,Poultry & Egg Production,112,irs_pba_2025,[]
6,112310,Chicken Egg Production,112,census_2022,[]
6,112320,Broilers and Other Meat Type Chicken Production,112,census_2022,[]
6,112330,Turkey Production,112,census_2022,[]
6,112340,Poultry Hatcheries,112,census_2022,[]
6,112390,Other Poultry Production,112,census_2022,[]
6,112400,Sheep & Goat Farming,112,irs_pba_2025,[]
6,112410,Sheep Farming,112,census_2022,[]
6,112420,Goat Farming,112,census_2022,[]
6,112510,Aquaculture (including shellfish & finfish farms & hatcheries),112,irs_pba_2025,[]
6,112511,Finfish Farming and Fish Hatcheries,112,census_2022,[]
6,112512,Shellfish Farming,112,census_2022,[]
6,112519,Other Aquaculture,112,census_2022,[]
6,112900,Other Animal Production,112,irs_pba_2025,[]
6,112910,Apiculture,112,census_2022,[]
6,112920,Horses and Other Equine Production,112,census_2022,[]
6,112930,Fur-Bearing Animal and Rabbit Production,112,census_2022,[]
6,112990,All Other Animal Production,112,census_2022,[]
6,113110,Timber Tract Operations,113,"census_2022,irs_pba_2025",[]
6,113210,Forest Nurseries and Gathering of Forest Products,113,"census_2022,irs_pba_2025","[""Forest Nurseries & Gathering of Forest Products""]"
6,113310,Logging,113,"census_2022,irs_pba_2025",[]
6,114110,Fishing,114,irs_pba_2025,[]
6,114111,Finfish Fishing,114,census_2022,[]
6,114112,Shellfish Fishing,114,census_2022,[]
6,114119,Other Marine Fishing,114,census_2022,[]
6,114210,Hunting and Trapping,114,"census_2022,irs_pba_2025","[""Hunting & Trapping""]"
6,115110,"Support Activities for Crop Production (including cotton ginning, soil preparation, planting, & cultivating)",115,irs_pba_2025,[]
6,115111,Cotton Ginning,115,census_2022,[]
6,115112,"Soil Preparation, Planting, and Cultivating",115,census_2022,[]
6,115113,"Crop Harvesting, Primarily by Machine",115,census_2022,[]
6,115114,Postharvest Crop Activities (except Cotton Ginning),115,census_2022,[]
6,115115,Farm Labor Contractors and Crew Leaders,115,census_2022,[]
6,115116,Farm Management Services,115,census_2022,[]
6,115210,Support Activities for Animal Production,115,"census_2022,irs_pba_2025","[""Support Activities for Animal Production (including farriers)""]"
6,115310,Support Activities for Forestry,115,"census_2022,irs_pba_2025",[]
6,211120,Crude Petroleum Extraction,211,"census_2022,irs_pba_2025",[]
6,211130,Natural Gas Extraction,211,"census_2022,irs_pba_2025",[]
6,212110,Coal Mining,212,irs_pba_2025,[]
6,212114,Surface Coal Mining,212,census_2022,[]
6,212115,Underground Coal Mining,212,census_2022,[]
6,212200,Metal Ore Mining,212,irs_pba_2025,[]
6,212210,Iron Ore Mining,212,census_2022,[]
6,212220,Gold Ore and Silver Ore Mining,212,census_2022,[]
6,212230,"Copper, Nickel, Lead, and Zinc Mining",212,census_2022,[]
6,212290,Other Metal Ore Mining,212,census_2022,[]
6,212310,Stone Mining & Quarrying,212,irs_pba_2025,[]
6,212311,Dimension Stone Mining and Quarrying,212,census_2022,[]
6,212312,Crushed and Broken Limestone Mining and Quarrying,212,census_2022,[]
6,212313,Crushed and Broken Granite Mining and Quarrying,212,census_2022,[]
6,212319,Other Crushed and Broken Stone Mining and Quarrying,212,census_2022,[]
6,212320,"Sand, Gravel, Clay, & Ceramic & Refractory Minerals Mining & Quarrying",212,irs_pba_2025,[]
6,212321,Construction Sand and Gravel Mining,212,census_2022,[]
6,212322,Industrial Sand Mining,212,census_2022,[]
6,212323,"Kaolin, Clay, and Ceramic and Refractory Minerals Mining",212,census_2022,[]
6,212390,Other Nonmetallic Mineral Mining and Quarrying,212,"census_2022,irs_pba_2025","[""Other Nonmetallic Mineral Mining & Quarrying""]"
6,213110,Support Activities for Mining,213,irs_pba_2025,[]
6,213111,Drilling Oil and Gas Wells,213,census_2022,[]
6,213112,Support Activities for Oil and Gas Operations,213,census_2022,[]
6,213113,Support Activities for Coal Mining,213,census_2022,[]
6,213114,Support Activities for Metal Mining,213,census_2022,[]
6,213115,Support Activities for Nonmetallic Minerals (except Fuels) Mining,213,census_2022,[]
6,221100,"Electric Power Generation, Transmission & Distribution",221,irs_pba_2025,[]
6,221111,Hydroelectric Power Generation,221,census_2022,[]
6,221112,Fossil Fuel Electric Power Generation,221,census_2022,[]
6,221113,Nuclear Electric Power Generation,221,census_2022,[]
6,221114,Solar Electric Power Generation,221,census_2022,[]
6,221115,Wind Electric Power Generation,221,census_2022,[]
6,221116,Geothermal Electric Power Generation,221,census_2022,[]
6,221117,Biomass Electric Power Generation,221,census_2022,[]
6,221118,Other Electric Power Generation,221,census_2022,[]
6,221121,Electric Bulk Power Transmission and Control,221,census_2022,[]
6,221122,Electric Power Distribution,221,census_2022,[]
6,221210,Natural Gas Distribution,221,"census_2022,irs_pba_2025",[]
6,221300,"Water, Sewage & Other Systems",221,irs_pba_2025,[]
6,221310,Water Supply and Irrigation Systems,221,census_2022,[]
6,221320,Sewage Treatment Facilities,221,census_2022,[]
6,221330,Steam and Air-Conditioning Supply,221,census_2022,[]
6,221500,Combination Gas & Electric,221,irs_pba_2025,[]
6,236110,Residential Building Construction,236,irs_pba_2025,[]
6,236115,New Single-Family Housing Construction (except For-Sale Builders),236,census_2022,[]
6,236116,New Multifamily Housing Construction (except For-Sale Builders),236,census_2022,[]
6,236117,New Housing For-Sale Builders,236,census_2022,[]
6,236118,Residential Remodelers,236,census_2022,[]
6,236200,Nonresidential Building Construction,236,irs_pba_2025,[]
6,236210,Industrial Building Construction,236,census_2022,[]
6,236220,Commercial and Institutional Building Construction,236,census_2022,[]
6,237100,Utility System Construction,237,irs_pba_2025,[]
6,237110,Water and Sewer Line and Related Structures Construction,237,census_2022,[]
6,237120,Oil and Gas Pipeline and Related Structures Construction,237,census_2022,[]
6,237130,Power and Communication Line and Related Structures Construction,237,census_2022,[]
6,237210,Land Subdivision,237,"census_2022,irs_pba_2025",[]
6,237310,"Highway, Street, and Bridge Construction",237,"census_2022,irs_pba_2025","[""Highway, Street, & Bridge Construction""]"
6,237990,Other Heavy and Civil Engineering Construction,237,"census_2022,irs_pba_2025","[""Other Heavy & Civil Engineering Construction""]"
6,238100,"Foundation, Structure, & Building Exterior Contractors (including framing carpentry, masonry, glass, roofing, & siding)",238,irs_pba_2025,[]
6,238110,Poured Concrete Foundation and Structure Contractors,238,census_2022,[]
6,238120,Structural Steel and Precast Concrete Contractors,238,census_2022,[]
6,238130,Framing Contractors,238,census_2022,[]
6,238140,Masonry Contractors,238,census_2022,[]
6,238150,Glass and Glazing Contractors,238,census_2022,[]
6,238160,Roofing Contractors,238,census_2022,[]
6,238170,Siding Contractors,238,census_2022,[]
6,238190,"Other Foundation, Structure, and Building Exterior Contractors",238,census_2022,[]
6,238210,Electrical Contractors and Other Wiring Installation Contractors,238,"census_2022,irs_pba_2025","[""Electrical Contractors""]"
6,238220,"Plumbing, Heating, and Air-Conditioning Contractors",238,"census_2022,irs_pba_2025","[""Plumbing, Heating, & Air-Conditioning Contractors""]"
6,238290,Other Building Equipment Contractors,238,"census_2022,irs_pba_2025",[]
6,238300,"Building Finishing Contractors (including drywall, insulation, painting, wallcovering, flooring, tile, & finished carpentry)",238,irs_pba_2025,[]
6,238310,Drywall and Insulation Contractors,238,census_2022,[]
6,238320,Painting and Wall Covering Contractors,238,census_2022,[]
6,238330,Flooring Contractors,238,census_2022,[]
6,238340,Tile and Terrazzo Contractors,238,census_2022,[]
6,238350,Finish Carpentry Contractors,238,census_2022,[]
6,238390,Other Building Finishing Contractors,238,census_2022,[]
6,238900,Other Specialty Trade Contractors (including site preparation),238,irs_pba_2025,[]
6,238910,Site Preparation Contractors,238,census_2022,[]
6,238990,All Other Specialty Trade Contractors,238,census_2022,[]
6,311110,Animal Food Mfg,311,irs_pba_2025,[]
6,311111,Dog and Cat Food Manufacturing,311,census_2022,[]
6,311119,Other Animal Food Manufacturing,311,census_2022,[]
6,311200,Grain & Oilseed Milling,311,irs_pba_2025,[]
6,311211,Flour Milling,311,census_2022,[]
6,311212,Rice Milling,311,census_2022,[]
6,311213,Malt Manufacturing,311,census_2022,[]
6,311221,Wet Corn Milling and Starch Manufacturing,311,census_2022,[]
6,311224,Soybean and Other Oilseed Processing,311,census_2022,[]
6,311225,Fats and Oils Refining and Blending,311,census_2022,[]
6,311230,Breakfast Cereal Manufacturing,311,census_2022,[]
6,311300,Sugar & Confectionery Product Mfg,311,irs_pba_2025,[]
6,311313,Beet Sugar Manufacturing,311,census_2022,[]
6,311314,Cane Sugar Manufacturing,311,census_2022,[]
6,311340,Nonchocolate Confectionery Manufacturing,311,census_2022,[]
6,311351,Chocolate and Confectionery Manufacturing from Cacao Beans,311,census_2022,[]
6,311352,Confectionery Manufacturing from Purchased Chocolate,311,census_2022,[]
6,311400,Fruit & Vegetable Preserving & Specialty Food Mfg,311,irs_pba_2025,[]
6,311411,"Frozen Fruit, Juice, and Vegetable Manufacturing",311,census_2022,[]
6,311412,Frozen Specialty Food Manufacturing,311,census_2022,[]
6,311421,Fruit and Vegetable Canning,311,census_2022,[]
6,311422,Specialty Canning,311,census_2022,[]
6,311423,Dried and Dehydrated Food Manufacturing,311,census_2022,[]
6,311500,Dairy Product Mfg,311,irs_pba_2025,[]
6,311511,Fluid Milk Manufacturing,311,census_2022,[]
6,311512,Creamery Butter Manufacturing,311,census_2022,[]
6,311513,Cheese Manufacturing,311,census_2022,[]
6,311514,"Dry, Condensed, and Evaporated Dairy Product Manufacturing",311,census_2022,[]
6,311520,Ice Cream and Frozen Dessert Manufacturing,311,census_2022,[]
6,311610,Animal Slaughtering & Processing,311,irs_pba_2025,[]
6,311611,Animal (except Poultry) Slaughtering,311,census_2022,[]
6,311612,Meat Processed from Carcasses,311,census_2022,[]
6,311613,Rendering and Meat Byproduct Processing,311,census_2022,[]
6,311615,Poultry Processing,311,census_2022,[]
6,311710,Seafood Product Preparation and Packaging,311,"census_2022,irs_pba_2025","[""Seafood Product Preparation & Packaging""]"
6,311800,"Bakeries, Tortilla & Dry Pasta Mfg",311,irs_pba_2025,[]
6,311811,Retail Bakeries,311,census_2022,[]
6,311812,Commercial Bakeries,311,census_2022,[]
6,311813,"Frozen Cakes, Pies, and Other Pastries Manufacturing",311,census_2022,[]
6,311821,Cookie and Cracker Manufacturing,311,census_2022,[]
6,311824,"Dry Pasta, Dough, and Flour Mixes Manufacturing from Purchased Flour",311,census_2022,[]
6,311830,Tortilla Manufacturing,311,census_2022,[]
6,311900,"Other Food Mfg (including coffee, tea, flavorings & seasonings)",311,irs_pba_2025,[]
6,311911,Roasted Nuts and Peanut Butter Manufacturing,311,census_2022,[]
6,311919,Other Snack Food Manufacturing,311,census_2022,[]
6,311920,Coffee and Tea Manufacturing,311,census_2022,[]
6,311930,Flavoring Syrup and Concentrate Manufacturing,311,census_2022,[]
6,311941,"Mayonnaise, Dressing, and Other Prepared Sauce Manufacturing",311,census_2022,[]
6,311942,Spice and Extract Manufacturing,311,census_2022,[]
6,311991,Perishable Prepared Food Manufacturing,311,census_2022,[]
6,311999,All Other Miscellaneous Food Manufacturing,311,census_2022,[]
6,312110,Soft Drink & Ice Mfg,312,irs_pba_2025,[]
6,312111,Soft Drink Manufacturing,312,census_2022,[]
6,312112,Bottled Water Manufacturing,312,census_2022,[]
6,312113,Ice Manufacturing,312,census_2022,[]
6,312120,Breweries,312,"census_2022,irs_pba_2025",[]
6,312130,Wineries,312,"census_2022,irs_pba_2025",[]
6,312140,Distilleries,312,"census_2022,irs_pba_2025",[]
6,312200,Tobacco Manufacturing,312,irs_pba_2025,[]
6,312230,Tobacco Manufacturing,312,census_2022,[]
6,313000,Textile Mills,313,irs_pba_2025,[]
6,313110,"Fiber, Yarn, and Thread Mills",313,census_2022,[]
6,313210,Broadwoven Fabric Mills,313,census_2022,[]
6,313220,Narrow Fabric Mills and Schiffli Machine Embroidery,313,census_2022,[]
6,313230,Nonwoven Fabric Mills,313,census_2022,[]
6,313240,Knit Fabric Mills,313,census_2022,[]
6,313310,Textile and Fabric Finishing Mills,313,census_2022,[]
6,313320,Fabric Coating Mills,313,census_2022,[]
6,314000,Textile Product Mills,314,irs_pba_2025,[]
6,314110,Carpet and Rug Mills,314,census_2022,[]
6,314120,Curtain and Linen Mills,314,census_2022,[]
6,314910,Textile Bag and Canvas Mills,314,census_2022,[]
6,314994,"Rope, Cordage, Twine, Tire Cord, and Tire Fabric Mills",314,census_2022,[]
6,314999,All Other Miscellaneous Textile Product Mills,314,census_2022,[]
6,315100,Apparel Knitting Mills,315,irs_pba_2025,[]
6,315120,Apparel Knitting Mills,315,census_2022,[]
6,315210,Cut and Sew Apparel Contractors,315,"census_2022,irs_pba_2025","[""Cut & Sew Apparel Contractors""]"
6,315250,Cut and Sew Apparel Manufacturing (except Contractors),315,"census_2022,irs_pba_2025","[""Cut & Sew Apparel Mfg (except Contractors)""]"
6,315990,Apparel Accessories and Other Apparel Manufacturing,315,"census_2022,irs_pba_2025","[""Apparel Accessories & Other Apparel Mfg""]"
6,316110,Leather and Hide Tanning and Finishing,316,"census_2022,irs_pba_2025","[""Leather & Hide Tanning & Finishing""]"
6,316210,Footwear Manufacturing,316,"census_2022,irs_pba_2025","[""Footwear Mfg (including rubber & plastics)""]"
6,316990,Other Leather and Allied Product Manufacturing,316,"census_2022,irs_pba_2025","[""Other Leather & Allied Product Mfg""]"
6,321110,Sawmills & Wood Preservation,321,irs_pba_2025,[]
6,321113,Sawmills,321,census_2022,[]
6,321114,Wood Preservation,321,census_2022,[]
6,321210,"Veneer, Plywood, & Engineered Wood Product Mfg",321,irs_pba_2025,[]
6,321211,Hardwood Veneer and Plywood Manufacturing,321,census_2022,[]
6,321212,Softwood Veneer and Plywood Manufacturing,321,census_2022,[]
6,321215,Engineered Wood Member Manufacturing,321,census_2022,[]
6,321219,Reconstituted Wood Product Manufacturing,321,census_2022,[]
6,321900,Other Wood Product Mfg,321,irs_pba_2025,[]
6,321911,Wood Window and Door Manufacturing,321,census_2022,[]
6,321912,"Cut Stock, Resawing Lumber, and Planing",321,census_2022,[]
6,321918,Other Millwork (including Flooring),321,census_2022,[]
6,321920,Wood Container and Pallet Manufacturing,321,census_2022,[]
6,321991,Manufactured Home (Mobile Home) Manufacturing,321,census_2022,[]
6,321992,Prefabricated Wood Building Manufacturing,321,census_2022,[]
6,321999,All Other Miscellaneous Wood Product Manufacturing,321,census_2022,[]
6,322100,"Pulp, Paper, & Paperboard Mills",322,irs_pba_2025,[]
6,322110,Pulp Mills,322,census_2022,[]
6,322120,Paper Mills,322,census_2022,[]
6,322130,Paperboard Mills,322,census_2022,[]
6,322200,Converted Paper Product Mfg,322,irs_pba_2025,[]
6,322211,Corrugated and Solid Fiber Box Manufacturing,322,census_2022,[]
6,322212,Folding Paperboard Box Manufacturing,322,census_2022,[]
6,322219,Other Paperboard Container Manufacturing,322,census_2022,[]
6,322220,Paper Bag and Coated and Treated Paper Manufacturing,322,census_2022,[]
6,322230,Stationery Product Manufacturing,322,census_2022,[]
6,322291,Sanitary Paper Product Manufacturing,322,census_2022,[]
6,322299,All Other Converted Paper Product Manufacturing,322,census_2022,[]
6,323100,Printing & Related Support Activities,323,irs_pba_2025,[]
6,323111,Commercial Printing (except Screen and Books),323,census_2022,[]
6,323113,Commercial Screen Printing,323,census_2022,[]
6,323117,Books Printing,323,census_2022,[]
6,323120,Support Activities for Printing,323,census_2022,[]
6,324110,Petroleum Refineries,324,"census_2022,irs_pba_2025","[""Petroleum Refineries (including integrated)""]"
6,324120,"Asphalt Paving, Roofing, & Saturated Materials Mfg",324,irs_pba_2025,[]
6,324121,Asphalt Paving Mixture and Block Manufacturing,324,census_2022,[]
6,324122,Asphalt Shingle and Coating Materials Manufacturing,324,census_2022,[]
6,324190,Other Petroleum & Coal Products Mfg,324,irs_pba_2025,[]
6,324191,Petroleum Lubricating Oil and Grease Manufacturing,324,census_2022,[]
6,324199,All Other Petroleum and Coal Products Manufacturing,324,census_2022,[]
6,325100,Basic Chemical Mfg,325,irs_pba_2025,[]
6,325110,Petrochemical Manufacturing,325,census_2022,[]
6,325120,Industrial Gas Manufacturing,325,census_2022,[]
6,325130,Synthetic Dye and Pigment Manufacturing,325,census_2022,[]
6,325180,Other Basic Inorganic Chemical Manufacturing,325,census_2022,[]
6,325193,Ethyl Alcohol Manufacturing,325,census_2022,[]
6,325194,"Cyclic Crude, Intermediate, and Gum and Wood Chemical Manufacturing",325,census_2022,[]
6,325199,All Other Basic Organic Chemical Manufacturing,325,census_2022,[]
6,325200,"Resin, Synthetic Rubber, & Artificial & Synthetic Fibers & Filaments Mfg",325,irs_pba_2025,[]
6,325211,Plastics Material and Resin Manufacturing,325,census_2022,[]
6,325212,Synthetic Rubber Manufacturing,325,census_2022,[]
6,325220,Artificial and Synthetic Fibers and Filaments Manufacturing,325,census_2022,[]
6,325300,"Pesticide, Fertilizer, & Other Agricultural Chemical Mfg",325,irs_pba_2025,[]
6,325311,Nitrogenous Fertilizer Manufacturing,325,census_2022,[]
6,325312,Phosphatic Fertilizer Manufacturing,325,census_2022,[]
6,325314,Fertilizer (Mixing Only) Manufacturing,325,census_2022,[]
6,325315,Compost Manufacturing,325,census_2022,[]
6,325320,Pesticide and Other Agricultural Chemical Manufacturing,325,census_2022,[]
6,325410,Pharmaceutical & Medicine Mfg,325,irs_pba_2025,[]
6,325411,Medicinal and Botanical Manufacturing,325,census_2022,[]
6,325412,Pharmaceutical Preparation Manufacturing,325,census_2022,[]
6,325413,In-Vitro Diagnostic Substance Manufacturing,325,census_2022,[]
6,325414,Biological Product (except Diagnostic) Manufacturing,325,census_2022,[]
6,325500,"Paint, Coating, & Adhesive Mfg",325,irs_pba_2025,[]
6,325510,Paint and Coating Manufacturing,325,census_2022,[]
6,325520,Adhesive Manufacturing,325,census_2022,[]
6,325600,"Soap, Cleaning Compound, & Toilet Preparation Mfg",325,irs_pba_2025,[]
6,325611,Soap and Other Detergent Manufacturing,325,census_2022,[]
6,325612,Polish and Other Sanitation Good Manufacturing,325,census_2022,[]
6,325613,Surface Active Agent Manufacturing,325,census_2022,[]
6,325620,Toilet Preparation Manufacturing,325,census_2022,[]
6,325900,Other Chemical Product & Preparation Mfg,325,irs_pba_2025,[]
6,325910,Printing Ink Manufacturing,325,census_2022,[]
6,325920,Explosives Manufacturing,325,census_2022,[]
6,325991,Custom Compounding of Purchased Resins,325,census_2022,[]
6,325992,"Photographic Film, Paper, Plate, Chemical, and Copy Toner Manufacturing",325,census_2022,[]
6,325998,All Other Miscellaneous Chemical Product and Preparation Manufacturing,325,census_2022,[]
6,326100,Plastics Product Mfg,326,irs_pba_2025,[]
6,326111,Plastics Bag and Pouch Manufacturing,326,census_2022,[]
6,326112,Plastics Packaging Film and Sheet (including Laminated) Manufacturing,326,census_2022,[]
6,326113,Unlaminated Plastics Film and Sheet (except Packaging) Manufacturing,326,census_2022,[]
6,326121,Unlaminated Plastics Profile Shape Manufacturing,326,census_2022,[]
6,326122,Plastics Pipe and Pipe Fitting Manufacturing,326,census_2022,[]
6,326130,"Laminated Plastics Plate, Sheet (except Packaging), and Shape Manufacturing",326,census_2022,[]
6,326140,Polystyrene Foam Product Manufacturing,326,census_2022,[]
6,326150,Urethane and Other Foam Product (except Polystyrene) Manufacturing,326,census_2022,[]
6,326160,Plastics Bottle Manufacturing,326,census_2022,[]
6,326191,Plastics Plumbing Fixture Manufacturing,326,census_2022,[]
6,326199,All Other Plastics Product Manufacturing,326,census_2022,[]
6,326200,Rubber Product Mfg,326,irs_pba_2025,[]
6,326211,Tire Manufacturing (except Retreading),326,census_2022,[]
6,326212,Tire Retreading,326,census_2022,[]
6,326220,Rubber and Plastics Hoses and Belting Manufacturing,326,census_2022,[]
6,326291,Rubber Product Manufacturing for Mechanical Use,326,census_2022,[]
6,326299,All Other Rubber Product Manufacturing,326,census_2022,[]
6,327100,Clay Product & Refractory Mfg,327,irs_pba_2025,[]
6,327110,"Pottery, Ceramics, and Plumbing Fixture Manufacturing",327,census_2022,[]
6,327120,Clay Building Material and Refractories Manufacturing,327,census_2022,[]
6,327210,Glass & Glass Product Mfg,327,irs_pba_2025,[]
6,327211,Flat Glass Manufacturing,327,census_2022,[]
6,327212,Other Pressed and Blown Glass and Glassware Manufacturing,327,census_2022,[]
6,327213,Glass Container Manufacturing,327,census_2022,[]
6,327215,Glass Product Manufacturing Made of Purchased Glass,327,census_2022,[]
6,327300,Cement & Concrete Product Mfg,327,irs_pba_2025,[]
6,327310,Cement Manufacturing,327,census_2022,[]
6,327320,Ready-Mix Concrete Manufacturing,327,census_2022,[]
6,327331,Concrete Block and Brick Manufacturing,327,census_2022,[]
6,327332,Concrete Pipe Manufacturing,327,census_2022,[]
6,327390,Other Concrete Product Manufacturing,327,census_2022,[]
6,327400,Lime & Gypsum Product Mfg,327,irs_pba_2025,[]
6,327410,Lime Manufacturing,327,census_2022,[]
6,327420,Gypsum Product Manufacturing,327,census_2022,[]
6,327900,Other Nonmetallic Mineral Product Mfg,327,irs_pba_2025,[]
6,327910,Abrasive Product Manufacturing,327,census_2022,[]
6,327991,Cut Stone and Stone Product Manufacturing,327,census_2022,[]
6,327992,Ground or Treated Mineral and Earth Manufacturing,327,census_2022,[]
6,327993,Mineral Wool Manufacturing,327,census_2022,[]
6,327999,All Other Miscellaneous Nonmetallic Mineral Product Manufacturing,327,census_2022,[]
6,331110,Iron and Steel Mills and Ferroalloy Manufacturing,331,"census_2022,irs_pba_2025","[""Iron & Steel Mills & Ferroalloy Mfg""]"
6,331200,Steel Product Mfg from Purchased Steel,331,irs_pba_2025,[]
6,331210,Iron and Steel Pipe and Tube Manufacturing from Purchased Steel,331,census_2022,[]
6,331221,Rolled Steel Shape Manufacturing,331,census_2022,[]
6,331222,Steel Wire Drawing,331,census_2022,[]
6,331310,Alumina & Aluminum Production & Processing,331,irs_pba_2025,[]
6,331313,Alumina Refining and Primary Aluminum Production,331,census_2022,[]
6,331314,Secondary Smelting and Alloying of Aluminum,331,census_2022,[]
6,331315,"Aluminum Sheet, Plate, and Foil Manufacturing",331,census_2022,[]
6,331318,"Other Aluminum Rolling, Drawing, and Extruding",331,census_2022,[]
6,331400,Nonferrous Metal (except Aluminum) Production & Processing,331,irs_pba_2025,[]
6,331410,Nonferrous Metal (except Aluminum) Smelting and Refining,331,census_2022,[]
6,331420,"Copper Rolling, Drawing, Extruding, and Alloying",331,census_2022,[]
6,331491,"Nonferrous Metal (except Copper and Aluminum) Rolling, Drawing, and Extruding",331,census_2022,[]
6,331492,"Secondary Smelting, Refining, and Alloying of Nonferrous Metal (except Copper and Aluminum)",331,census_2022,[]
6,331500,Foundries,331,irs_pba_2025,[]
6,331511,Iron Foundries,331,census_2022,[]
6,331512,Steel Investment Foundries,331,census_2022,[]
6,331513,Steel Foundries (except Investment),331,census_2022,[]
6,331523,Nonferrous Metal Die-Casting Foundries,331,census_2022,[]
6,331524,Aluminum Foundries (except Die-Casting),331,census_2022,[]
6,331529,Other Nonferrous Metal Foundries (except Die-Casting),331,census_2022,[]
6,332110,Forging & Stamping,332,irs_pba_2025,[]
6,332111,Iron and Steel Forging,332,census_2022,[]
6,332112,Nonferrous Forging,332,census_2022,[]
6,332114,Custom Roll Forming,332,census_2022,[]
6,332117,Powder Metallurgy Part Manufacturing,332,census_2022,[]
6,332119,"Metal Crown, Closure, and Other Metal Stamping (except Automotive)",332,census_2022,[]
6,332210,Cutlery & Handtool Mfg,332,irs_pba_2025,[]
6,332215,"Metal Kitchen Cookware, Utensil, Cutlery, and Flatware (except Precious) Manufacturing",332,census_2022,[]
6,332216,Saw Blade and Handtool Manufacturing,332,census_2022,[]
6,332300,Architectural & Structural Metals Mfg,332,irs_pba_2025,[]
6,332311,Prefabricated Metal Building and Component Manufacturing,332,census_2022,[]
6,332312,Fabricated Structural Metal Manufacturing,332,census_2022,[]
6,332313,Plate Work Manufacturing,332,census_2022,[]
6,332321,Metal Window and Door Manufacturing,332,census_2022,[]
6,332322,Sheet Metal Work Manufacturing,332,census_2022,[]
6,332323,Ornamental and Architectural Metal Work Manufacturing,332,census_2022,[]
6,332400,"Boiler, Tank, & Shipping Container Mfg",332,irs_pba_2025,[]
6,332410,Power Boiler and Heat Exchanger Manufacturing,332,census_2022,[]
6,332420,Metal Tank (Heavy Gauge) Manufacturing,332,census_2022,[]
6,332431,Metal Can Manufacturing,332,census_2022,[]
6,332439,Other Metal Container Manufacturing,332,census_2022,[]
6,332510,Hardware Manufacturing,332,"census_2022,irs_pba_2025","[""Hardware Mfg""]"
6,332610,Spring & Wire Product Mfg,332,irs_pba_2025,[]
6,332613,Spring Manufacturing,332,census_2022,[]
6,332618,Other Fabricated Wire Product Manufacturing,332,census_2022,[]
6,332700,"Machine Shops; Turned Product; & Screw, Nut, & Bolt Mfg",332,irs_pba_2025,[]
6,332710,Machine Shops,332,census_2022,[]
6,332721,Precision Turned Product Manufacturing,332,census_2022,[]
6,332722,"Bolt, Nut, Screw, Rivet, and Washer Manufacturing",332,census_2022,[]
6,332810,"Coating, Engraving, Heat Treating, & Allied Activities",332,irs_pba_2025,[]
6,332811,Metal Heat Treating,332,census_2022,[]
6,332812,"Metal Coating, Engraving (except Jewelry and Silverware), and Allied Services to Manufacturers",332,census_2022,[]
6,332813,"Electroplating, Plating, Polishing, Anodizing, and Coloring",332,census_2022,[]
6,332900,Other Fabricated Metal Product Mfg,332,irs_pba_2025,[]
6,332911,Industrial Valve Manufacturing,332,census_2022,[]
6,332912,Fluid Power Valve and Hose Fitting Manufacturing,332,census_2022,[]
6,332913,Plumbing Fixture Fitting and Trim Manufacturing,332,census_2022,[]
6,332919,Other Metal Valve and Pipe Fitting Manufacturing,332,census_2022,[]
6,332991,Ball and Roller Bearing Manufacturing,332,census_2022,[]
6,332992,Small Arms Ammunition Manufacturing,332,census_2022,[]
6,332993,Ammunition (except Small Arms) Manufacturing,332,census_2022,[]
6,332994,"Small Arms, Ordnance, and Ordnance Accessories Manufacturing",332,census_2022,[]
6,332996,Fabricated Pipe and Pipe Fitting Manufacturing,332,census_2022,[]
6,332999,All Other Miscellaneous Fabricated Metal Product Manufacturing,332,census_2022,[]
6,333100,"Agriculture, Construction, & Mining Machinery Mfg",333,irs_pba_2025,[]
6,333111,Farm Machinery and Equipment Manufacturing,333,census_2022,[]
6,333112,Lawn and Garden Tractor and Home Lawn and Garden Equipment Manufacturing,333,census_2022,[]
6,333120,Construction Machinery Manufacturing,333,census_2022,[]
6,333131,Mining Machinery and Equipment Manufacturing,333,census_2022,[]
6,333132,Oil and Gas Field Machinery and Equipment Manufacturing,333,census_2022,[]
6,333200,Industrial Machinery Mfg,333,irs_pba_2025,[]
6,333241,Food Product Machinery Manufacturing,333,census_2022,[]
6,333242,Semiconductor Machinery Manufacturing,333,census_2022,[]
6,333243,"Sawmill, Woodworking, and Paper Machinery Manufacturing",333,census_2022,[]
6,333248,All Other Industrial Machinery Manufacturing,333,census_2022,[]
6,333310,Commercial and Service Industry Machinery Manufacturing,333,"census_2022,irs_pba_2025","[""Commercial & Service Industry Machinery Mfg""]"
6,333410,"Ventilation, Heating, Air-Conditioning, & Commercial Refrigeration Equipment Mfg",333,irs_pba_2025,[]
6,333413,Industrial and Commercial Fan and Blower and Air Purification Equipment Manufacturing,333,census_2022,[]
6,333414,Heating Equipment (except Warm Air Furnaces) Manufacturing,333,census_2022,[]
6,333415,Air-Conditioning and Warm Air Heating Equipment and Commercial and Industrial Refrigeration Equipment Manufacturing,333,census_2022,[]
6,333510,Metalworking Machinery Mfg,333,irs_pba_2025,[]
6,333511,Industrial Mold Manufacturing,333,census_2022,[]
6,333514,"Special Die and Tool, Die Set, Jig, and Fixture Manufacturing",333,census_2022,[]
6,333515,Cutting Tool and Machine Tool Accessory Manufacturing,333,census_2022,[]
6,333517,Machine Tool Manufacturing,333,census_2022,[]
6,333519,Rolling Mill and Other Metalworking Machinery Manufacturing,333,census_2022,[]
6,333610,"Engine, Turbine & Power Transmission Equipment Mfg",333,irs_pba_2025,[]
6,333611,Turbine and Turbine Generator Set Units Manufacturing,333,census_2022,[]
6,333612,"Speed Changer, Industrial High-Speed Drive, and Gear Manufacturing",333,census_2022,[]
6,333613,Mechanical Power Transmission Equipment Manufacturing,333,census_2022,[]
6,333618,Other Engine Equipment Manufacturing,333,census_2022,[]
6,333900,Other General Purpose Machinery Mfg,333,irs_pba_2025,[]
6,333912,Air and Gas Compressor Manufacturing,333,census_2022,[]
6,333914,"Measuring, Dispensing, and Other Pumping Equipment Manufacturing",333,census_2022,[]
6,333921,Elevator and Moving Stairway Manufacturing,333,census_2022,[]
6,333922,Conveyor and Conveying Equipment Manufacturing,333,census_2022,[]
6,333923,"Overhead Traveling Crane, Hoist, and Monorail System Manufacturing",333,census_2022,[]
6,333924,"Industrial Truck, Tractor, Trailer, and Stacker Machinery Manufacturing",333,census_2022,[]
6,333991,Power-Driven Handtool Manufacturing,333,census_2022,[]
6,333992,Welding and Soldering Equipment Manufacturing,333,census_2022,[]
6,333993,Packaging Machinery Manufacturing,333,census_2022,[]
6,333994,Industrial Process Furnace and Oven Manufacturing,333,census_2022,[]
6,333995,Fluid Power Cylinder and Actuator Manufacturing,333,census_2022,[]
6,333996,Fluid Power Pump and Motor Manufacturing,333,census_2022,[]
6,333998,All Other Miscellaneous General Purpose Machinery Manufacturing,333,census_2022,[]
6,334110,Computer & Peripheral Equipment Mfg,334,irs_pba_2025,[]
6,334111,Electronic Computer Manufacturing,334,census_2022,[]
6,334112,Computer Storage Device Manufacturing,334,census_2022,[]
6,334118,Computer Terminal and Other Computer Peripheral Equipment Manufacturing,334,census_2022,[]
6,334200,Communications Equipment Mfg,334,irs_pba_2025,[]
6,334210,Telephone Apparatus Manufacturing,334,census_2022,[]
6,334220,Radio and Television Broadcasting and Wireless Communications Equipment Manufacturing,334,census_2022,[]
6,334290,Other Communications Equipment Manufacturing,334,census_2022,[]
6,334310,Audio and Video Equipment Manufacturing,334,"census_2022,irs_pba_2025","[""Audio & Video Equipment Mfg""]"
6,334410,Semiconductor & Other Electronic Component Mfg,334,irs_pba_2025,[]
6,334412,Bare Printed Circuit Board Manufacturing,334,census_2022,[]
6,334413,Semiconductor and Related Device Manufacturing,334,census_2022,[]
6,334416,"Capacitor, Resistor, Coil, Transformer, and Other Inductor Manufacturing",334,census_2022,[]
6,334417,Electronic Connector Manufacturing,334,census_2022,[]
6,334418,Printed Circuit Assembly (Electronic Assembly) Manufacturing,334,census_2022,[]
6,334419,Other Electronic Component Manufacturing,334,census_2022,[]
6,334500,"Navigational, Measuring, Electromedical, & Control Instruments Mfg",334,irs_pba_2025,[]
6,334510,Electromedical and Electrotherapeutic Apparatus Manufacturing,334,census_2022,[]
6,334511,"Search, Detection, Navigation, Guidance, Aeronautical, and Nautical System and Instrument Manufacturing",334,census_2022,[]
6,334512,"Automatic Environmental Control Manufacturing for Residential, Commercial, and Appliance Use",334,census_2022,[]
6,334513,"Instruments and Related Products Manufacturing for Measuring, Displaying, and Controlling Industrial Process Variables",334,census_2022,[]
6,334514,Totalizing Fluid Meter and Counting Device Manufacturing,334,census_2022,[]
6,334515,Instrument Manufacturing for Measuring and Testing Electricity and Electrical Signals,334,census_2022,[]
6,334516,Analytical Laboratory Instrument Manufacturing,334,census_2022,[]
6,334517,Irradiation Apparatus Manufacturing,334,census_2022,[]
6,334519,Other Measuring and Controlling Device Manufacturing,334,census_2022,[]
6,334610,Manufacturing and Reproducing Magnetic and Optical Media,334,"census_2022,irs_pba_2025","[""Manufacturing & Reproducing Magnetic & Optical Media""]"
6,335100,Electric Lighting Equipment Mfg,335,irs_pba_2025,[]
6,335131,Residential Electric Lighting Fixture Manufacturing,335,census_2022,[]
6,335132,"Commercial, Industrial, and Institutional Electric Lighting Fixture Manufacturing",335,census_2022,[]
6,335139,Electric Lamp Bulb and Other Lighting Equipment Manufacturing,335,census_2022,[]
6,335200,Household Appliance Mfg,335,irs_pba_2025,[]
6,335210,Small Electrical Appliance Manufacturing,335,census_2022,[]
6,335220,Major Household Appliance Manufacturing,335,census_2022,[]
6,335310,Electrical Equipment Mfg,335,irs_pba_2025,[]
6,335311,"Power, Distribution, and Specialty Transformer Manufacturing",335,census_2022,[]
6,335312,Motor and Generator Manufacturing,335,census_2022,[]
6,335313,Switchgear and Switchboard Apparatus Manufacturing,335,census_2022,[]
6,335314,Relay and Industrial Control Manufacturing,335,census_2022,[]
6,335900,Other Electrical Equipment & Component Mfg,335,irs_pba_2025,[]
6,335910,Battery Manufacturing,335,census_2022,[]
6,335921,Fiber Optic Cable Manufacturing,335,census_2022,[]
6,335929,Other Communication and Energy Wire Manufacturing,335,census_2022,[]
6,335931,Current-Carrying Wiring Device Manufacturing,335,census_2022,[]
6,335932,Noncurrent-Carrying Wiring Device Manufacturing,335,census_2022,[]
6,335991,Carbon and Graphite Product Manufacturing,335,census_2022,[]
6,335999,All Other Miscellaneous Electrical Equipment and Component Manufacturing,335,census_2022,[]
6,336100,Motor Vehicle Mfg,336,irs_pba_2025,[]
6,336110,Automobile and Light Duty Motor Vehicle Manufacturing,336,census_2022,[]
6,336120,Heavy Duty Truck Manufacturing,336,census_2022,[]
6,336210,Motor Vehicle Body & Trailer Mfg,336,irs_pba_2025,[]
6,336211,Motor Vehicle Body Manufacturing,336,census_2022,[]
6,336212,Truck Trailer Manufacturing,336,census_2022,[]
6,336213,Motor Home Manufacturing,336,census_2022,[]
6,336214,Travel Trailer and Camper Manufacturing,336,census_2022,[]
6,336300,Motor Vehicle Parts Mfg,336,irs_pba_2025,[]
6,336310,Motor Vehicle Gasoline Engine and Engine Parts Manufacturing,336,census_2022,[]
6,336320,Motor Vehicle Electrical and Electronic Equipment Manufacturing,336,census_2022,[]
6,336330,Motor Vehicle Steering and Suspension Components (except Spring) Manufacturing,336,census_2022,[]
6,336340,Motor Vehicle Brake System Manufacturing,336,census_2022,[]
6,336350,Motor Vehicle Transmission and Power Train Parts Manufacturing,336,census_2022,[]
6,336360,Motor Vehicle Seating and Interior Trim Manufacturing,336,census_2022,[]
6,336370,Motor Vehicle Metal Stamping,336,census_2022,[]
6,336390,Other Motor Vehicle Parts Manufacturing,336,census_2022,[]
6,336410,Aerospace Product & Parts Mfg,336,irs_pba_2025,[]
6,336411,Aircraft Manufacturing,336,census_2022,[]
6,336412,Aircraft Engine and Engine Parts Manufacturing,336,census_2022,[]
6,336413,Other Aircraft Parts and Auxiliary Equipment Manufacturing,336,census_2022,[]
6,336414,Guided Missile and Space Vehicle Manufacturing,336,census_2022,[]
6,336415,Guided Missile and Space Vehicle Propulsion Unit and Propulsion Unit Parts Manufacturing,336,census_2022,[]
6,336419,Other Guided Missile and Space Vehicle Parts and Auxiliary Equipment Manufacturing,336,census_2022,[]
6,336510,Railroad Rolling Stock Manufacturing,336,"census_2022,irs_pba_2025","[""Railroad Rolling Stock Mfg""]"
6,336610,Ship & Boat Building,336,irs_pba_2025,[]
6,336611,Ship Building and Repairing,336,census_2022,[]
6,336612,Boat Building,336,census_2022,[]
6,336990,Other Transportation Equipment Mfg,336,irs_pba_2025,[]
6,336991,"Motorcycle, Bicycle, and Parts Manufacturing",336,census_2022,[]
6,336992,"Military Armored Vehicle, Tank, and Tank Component Manufacturing",336,census_2022,[]
6,336999,All Other Transportation Equipment Manufacturing,336,census_2022,[]
6,337000,Furniture & Related Product Manufacturing,337,irs_pba_2025,[]
6,337110,Wood Kitchen Cabinet and Countertop Manufacturing,337,census_2022,[]
6,337121,Upholstered Household Furniture Manufacturing,337,census_2022,[]
6,337122,Nonupholstered Wood Household Furniture Manufacturing,337,census_2022,[]
6,337126,Household Furniture (except Wood and Upholstered) Manufacturing,337,census_2022,[]
6,337127,Institutional Furniture Manufacturing,337,census_2022,[]
6,337211,Wood Office Furniture Manufacturing,337,census_2022,[]
6,337212,Custom Architectural Woodwork and Millwork Manufacturing,337,census_2022,[]
6,337214,Office Furniture (except Wood) Manufacturing,337,census_2022,[]
6,337215,"Showcase, Partition, Shelving, and Locker Manufacturing",337,census_2022,[]
6,337910,Mattress Manufacturing,337,census_2022,[]
6,337920,Blind and Shade Manufacturing,337,census_2022,[]
6,339110,Medical Equipment & Supplies Mfg,339,irs_pba_2025,[]
6,339112,Surgical and Medical Instrument Manufacturing,339,census_2022,[]
6,339113,Surgical Appliance and Supplies Manufacturing,339,census_2022,[]
6,339114,Dental Equipment and Supplies Manufacturing,339,census_2022,[]
6,339115,Ophthalmic Goods Manufacturing,339,census_2022,[]
6,339116,Dental Laboratories,339,census_2022,[]
6,339900,Other Miscellaneous Manufacturing,339,irs_pba_2025,[]
6,339910,Jewelry and Silverware Manufacturing,339,census_2022,[]
6,339920,Sporting and Athletic Goods Manufacturing,339,census_2022,[]
6,339930,"Doll, Toy, and Game Manufacturing",339,census_2022,[]
6,339940,Office Supplies (except Paper) Manufacturing,339,census_2022,[]
6,339950,Sign Manufacturing,339,census_2022,[]
6,339991,"Gasket, Packing, and Sealing Device Manufacturing",339,census_2022,[]
6,339992,Musical Instrument Manufacturing,339,census_2022,[]
6,339993,"Fastener, Button, Needle, and Pin Manufacturing",339,census_2022,[]
6,339994,"Broom, Brush, and Mop Manufacturing",339,census_2022,[]
6,339995,Burial Casket Manufacturing,339,census_2022,[]
6,339999,All Other Miscellaneous Manufacturing,339,census_2022,[]
6,423100,Motor Vehicle & Motor Vehicle Parts & Supplies,423,irs_pba_2025,[]
6,423110,Automobile and Other Motor Vehicle Merchant Wholesalers,423,census_2022,[]
6,423120,Motor Vehicle Supplies and New Parts Merchant Wholesalers,423,census_2022,[]
6,423130,Tire and Tube Merchant Wholesalers,423,census_2022,[]
6,423140,Motor Vehicle Parts (Used) Merchant Wholesalers,423,census_2022,[]
6,423200,Furniture & Home Furnishings,423,irs_pba_2025,[]
6,423210,Furniture Merchant Wholesalers,423,census_2022,[]
6,423220,Home Furnishing Merchant Wholesalers,423,census_2022,[]
6,423300,Lumber & Other Construction Materials,423,irs_pba_2025,[]
6,423310,"Lumber, Plywood, Millwork, and Wood Panel Merchant Wholesalers",423,census_2022,[]
6,423320,"Brick, Stone, and Related Construction Material Merchant Wholesalers",423,census_2022,[]
6,423330,"Roofing, Siding, and Insulation Material Merchant Wholesalers",423,census_2022,[]
6,423390,Other Construction Material Merchant Wholesalers,423,census_2022,[]
6,423400,Professional & Commercial Equipment & Supplies,423,irs_pba_2025,[]
6,423410,Photographic Equipment and Supplies Merchant Wholesalers,423,census_2022,[]
6,423420,Office Equipment Merchant Wholesalers,423,census_2022,[]
6,423430,Computer and Computer Peripheral Equipment and Software Merchant Wholesalers,423,census_2022,[]
6,423440,Other Commercial Equipment Merchant Wholesalers,423,census_2022,[]
6,423450,"Medical, Dental, and Hospital Equipment and Supplies Merchant Wholesalers",423,census_2022,[]
6,423460,Ophthalmic Goods Merchant Wholesalers,423,census_2022,[]
6,423490,Other Professional Equipment and Supplies Merchant Wholesalers,423,census_2022,[]
6,423500,Metal & Mineral (except Petroleum),423,irs_pba_2025,[]
6,423510,Metal Service Centers and Other Metal Merchant Wholesalers,423,census_2022,[]
6,423520,Coal and Other Mineral and Ore Merchant Wholesalers,423,census_2022,[]
6,423600,Household Appliances & Electrical & Electronic Goods,423,irs_pba_2025,[]
6,423610,"Electrical Apparatus and Equipment, Wiring Supplies, and Related Equipment Merchant Wholesalers",423,census_2022,[]
6,423620,"Household Appliances, Electric Housewares, and Consumer Electronics Merchant Wholesalers",423,census_2022,[]
6,423690,Other Electronic Parts and Equipment Merchant Wholesalers,423,census_2022,[]
6,423700,"Hardware, Plumbing, & Heating Equipment & Supplies",423,irs_pba_2025,[]
6,423710,Hardware Merchant Wholesalers,423,census_2022,[]
6,423720,Plumbing and Heating Equipment and Supplies (Hydronics) Merchant Wholesalers,423,census_2022,[]
6,423730,Warm Air Heating and Air-Conditioning Equipment and Supplies Merchant Wholesalers,423,census_2022,[]
6,423740,Refrigeration Equipment and Supplies Merchant Wholesalers,423,census_2022,[]
6,423800,"Machinery, Equipment, & Supplies",423,irs_pba_2025,[]
6,423810,Construction and Mining (except Oil Well) Machinery and Equipment Merchant Wholesalers,423,census_2022,[]
6,423820,Farm and Garden Machinery and Equipment Merchant Wholesalers,423,census_2022,[]
6,423830,Industrial Machinery and Equipment Merchant Wholesalers,423,census_2022,[]
6,423840,Industrial Supplies Merchant Wholesalers,423,census_2022,[]
6,423850,Service Establishment Equipment and Supplies Merchant Wholesalers,423,census_2022,[]
6,423860,Transportation Equipment and Supplies (except Motor Vehicle) Merchant Wholesalers,423,census_2022,[]
6,423910,Sporting and Recreational Goods and Supplies Merchant Wholesalers,423,"census_2022,irs_pba_2025","[""Sporting & Recreational Goods & Supplies""]"
6,423920,Toy and Hobby Goods and Supplies Merchant Wholesalers,423,"census_2022,irs_pba_2025","[""Toy & Hobby Goods & Supplies""]"
6,423930,Recyclable Material Merchant Wholesalers,423,"census_2022,irs_pba_2025","[""Recyclable Materials""]"
6,423940,"Jewelry, Watch, Precious Stone, and Precious Metal Merchant Wholesalers",423,"census_2022,irs_pba_2025","[""Jewelry, Watch, Precious Stone, & Precious Metals""]"
6,423990,Other Miscellaneous Durable Goods Merchant Wholesalers,423,"census_2022,irs_pba_2025","[""Other Miscellaneous Durable Goods""]"
6,424100,Paper & Paper Products,424,irs_pba_2025,[]
6,424110,Printing and Writing Paper Merchant Wholesalers,424,census_2022,[]
6,424120,Stationery and Office Supplies Merchant Wholesalers,424,census_2022,[]
6,424130,Industrial and Personal Service Paper Merchant Wholesalers,424,census_2022,[]
6,424210,Drugs and Druggists' Sundries Merchant Wholesalers,424,"census_2022,irs_pba_2025","[""Drugs & Druggists\u2019 Sundries""]"
6,424300,"Apparel, Piece Goods, & Notions",424,irs_pba_2025,[]
6,424310,"Piece Goods, Notions, and Other Dry Goods Merchant Wholesalers",424,census_2022,[]
6,424340,Footwear Merchant Wholesalers,424,census_2022,[]
6,424350,Clothing and Clothing Accessories Merchant Wholesalers,424,census_2022,[]
6,424400,Grocery & Related Products,424,irs_pba_2025,[]
6,424410,General Line Grocery Merchant Wholesalers,424,census_2022,[]
6,424420,Packaged Frozen Food Merchant Wholesalers,424,census_2022,[]
6,424430,Dairy Product (except Dried or Canned) Merchant Wholesalers,424,census_2022,[]
6,424440,Poultry and Poultry Product Merchant Wholesalers,424,census_2022,[]
6,424450,Confectionery Merchant Wholesalers,424,census_2022,[]
6,424460,Fish and Seafood Merchant Wholesalers,424,census_2022,[]
6,424470,Meat and Meat Product Merchant Wholesalers,424,census_2022,[]
6,424480,Fresh Fruit and Vegetable Merchant Wholesalers,424,census_2022,[]
6,424490,Other Grocery and Related Products Merchant Wholesalers,424,census_2022,[]
6,424500,Farm Product Raw Materials,424,irs_pba_2025,[]
6,424510,Grain and Field Bean Merchant Wholesalers,424,census_2022,[]
6,424520,Livestock Merchant Wholesalers,424,census_2022,[]
6,424590,Other Farm Product Raw Material Merchant Wholesalers,424,census_2022,[]
6,424600,Chemical & Allied Products,424,irs_pba_2025,[]
6,424610,Plastics Materials and Basic Forms and Shapes Merchant Wholesalers,424,census_2022,[]
6,424690,Other Chemical and Allied Products Merchant Wholesalers,424,census_2022,[]
6,424700,Petroleum & Petroleum Products,424,irs_pba_2025,[]
6,424710,Petroleum Bulk Stations and Terminals,424,census_2022,[]
6,424720,Petroleum and Petroleum Products Merchant Wholesalers (except Bulk Stations and Terminals),424,census_2022,[]
6,424800,"Beer, Wine, & Distilled Alcoholic Beverages",424,irs_pba_2025,[]
6,424810,Beer and Ale Merchant Wholesalers,424,census_2022,[]
6,424820,Wine and Distilled Alcoholic Beverage Merchant Wholesalers,424,census_2022,[]
6,424910,Farm Supplies Merchant Wholesalers,424,"census_2022,irs_pba_2025","[""Farm Supplies""]"
6,424920,"Book, Periodical, and Newspaper Merchant Wholesalers",424,"census_2022,irs_pba_2025","[""Book, Periodical, & Newspapers""]"
6,424930,"Flower, Nursery Stock, and Florists' Supplies Merchant Wholesalers",424,"census_2022,irs_pba_2025","[""Flower, Nursery Stock, & Florists\u2019 Supplies""]"
6,424940,Tobacco Product and Electronic Cigarette Merchant Wholesalers,424,"census_2022,irs_pba_2025","[""Tobacco Products & Electronic Cigarettes""]"
6,424950,"Paint, Varnish, and Supplies Merchant Wholesalers",424,"census_2022,irs_pba_2025","[""Paint, Varnish, & Supplies""]"
6,424990,Other Miscellaneous Nondurable Goods Merchant Wholesalers,424,"census_2022,irs_pba_2025","[""Other Miscellaneous Nondurable Goods""]"
6,425120,Wholesale Trade Agents and Brokers,425,"census_2022,irs_pba_2025","[""Wholesale Trade Agents & Brokers""]"
6,441110,New Car Dealers,441,"census_2022,irs_pba_2025",[]
6,441120,Used Car Dealers,441,"census_2022,irs_pba_2025",[]
6,441210,Recreational Vehicle Dealers,441,"census_2022,irs_pba_2025",[]
6,441222,Boat Dealers,441,"census_2022,irs_pba_2025",[]
6,441227,"Motorcycle, ATV, and All Other Motor Vehicle Dealers",441,"census_2022,irs_pba_2025","[""Motorcycle, ATV, & All Other Motor Vehicle Dealers""]"
6,441300,"Automotive Parts, Accessories, & Tire Retailers",441,irs_pba_2025,[]
6,441330,Automotive Parts and Accessories Retailers,441,census_2022,[]
6,441340,Tire Dealers,441,census_2022,[]
6,444110,Home Centers,444,"census_2022,irs_pba_2025",[]
6,444120,Paint and Wallpaper Retailers,444,"census_2022,irs_pba_2025","[""Paint & Wallpaper Retailers""]"
6,444140,Hardware Retailers,444,"census_2022,irs_pba_2025",[]
6,444180,Other Building Material Dealers,444,"census_2022,irs_pba_2025",[]
6,444200,Lawn & Garden Equipment & Supplies Retailers,444,irs_pba_2025,[]
6,444230,Outdoor Power Equipment Retailers,444,census_2022,[]
6,444240,"Nursery, Garden Center, and Farm Supply Retailers",444,census_2022,[]
6,445110,Supermarkets and Other Grocery Retailers (except Convenience Retailers),445,"census_2022,irs_pba_2025","[""Supermarkets & Other Grocery Retailers (except Convenience)""]"
6,445131,Convenience Retailers,445,"census_2022,irs_pba_2025",[]
6,445132,Vending Machine Operators,445,"census_2022,irs_pba_2025",[]
6,445230,Fruit and Vegetable Retailers,445,"census_2022,irs_pba_2025","[""Fruit & Vegetable Retailers""]"
6,445240,Meat Retailers,445,"census_2022,irs_pba_2025",[]
6,445250,Fish and Seafood Retailers,445,"census_2022,irs_pba_2025","[""Fish & Seafood Retailers""]"
6,445291,Baked Goods Retailers,445,"census_2022,irs_pba_2025",[]
6,445292,Confectionery and Nut Retailers,445,"census_2022,irs_pba_2025","[""Confectionery & Nut Retailers""]"
6,445298,All Other Specialty Food Retailers,445,"census_2022,irs_pba_2025",[]
6,445320,"Beer, Wine, and Liquor Retailers",445,"census_2022,irs_pba_2025","[""Beer, Wine, & Liquor Retailers""]"
6,449110,Furniture Retailers,449,"census_2022,irs_pba_2025",[]
6,449121,Floor Covering Retailers,449,"census_2022,irs_pba_2025",[]
6,449122,Window Treatment Retailers,449,"census_2022,irs_pba_2025",[]
6,449129,All Other Home Furnishings Retailers,449,"census_2022,irs_pba_2025",[]
6,449210,Electronics and Appliance Retailers,449,"census_2022,irs_pba_2025","[""Electronics & Appliance Retailers (including Computers)""]"
6,455110,Department Stores,455,"census_2022,irs_pba_2025",[]
6,455210,"Warehouse Clubs, Supercenters, & Other General Merch. Retailers",455,irs_pba_2025,[]
6,455211,Warehouse Clubs and Supercenters,455,census_2022,[]
6,455219,All Other General Merchandise Retailers,455,census_2022,[]
6,456110,Pharmacies and Drug Retailers,456,"census_2022,irs_pba_2025","[""Pharmacies & Drug Retailers""]"
6,456120,"Cosmetics, Beauty Supplies, and Perfume Retailers",456,"census_2022,irs_pba_2025","[""Cosmetics, Beauty Supplies, & Perfume Retailers""]"
6,456130,Optical Goods Retailers,456,"census_2022,irs_pba_2025",[]
6,456190,Other Health & Personal Care Retailers,456,irs_pba_2025,[]
6,456191,Food (Health) Supplement Retailers,456,census_2022,[]
6,456199,All Other Health and Personal Care Retailers,456,census_2022,[]
6,457100,Gasoline Stations (including convenience stores with gas),457,irs_pba_2025,[]
6,457110,Gasoline Stations with Convenience Stores,457,census_2022,[]
6,457120,Other Gasoline Stations,457,census_2022,[]
6,457210,Fuel Dealers,457,"census_2022,irs_pba_2025","[""Fuel Dealers (including Heating Oil & Liquefied Petroleum)""]"
6,458110,Clothing and Clothing Accessories Retailers,458,"census_2022,irs_pba_2025","[""Clothing & Clothing Accessories Retailers""]"
6,458210,Shoe Retailers,458,"census_2022,irs_pba_2025",[]
6,458310,Jewelry Retailers,458,"census_2022,irs_pba_2025",[]
6,458320,Luggage and Leather Goods Retailers,458,"census_2022,irs_pba_2025","[""Luggage & Leather Goods Retailers""]"
6,459110,Sporting Goods Retailers,459,"census_2022,irs_pba_2025",[]
6,459120,"Hobby, Toy, and Game Retailers",459,"census_2022,irs_pba_2025","[""Hobby, Toy, & Game Retailers""]"
6,459130,"Sewing, Needlework, and Piece Goods Retailers",459,"census_2022,irs_pba_2025","[""Sewing, Needlework, & Piece Goods Retailers""]"
6,459140,Musical Instrument and Supplies Retailers,459,"census_2022,irs_pba_2025","[""Musical Instrument & Supplies Retailers""]"
6,459210,Book Retailers and News Dealers,459,"census_2022,irs_pba_2025","[""Book Retailers & News Dealers (including newsstands)""]"
6,459310,Florists,459,"census_2022,irs_pba_2025",[]
6,459410,Office Supplies and Stationery Retailers,459,"census_2022,irs_pba_2025","[""Office Supplies & Stationery Retailers""]"
6,459420,"Gift, Novelty, and Souvenir Retailers",459,"census_2022,irs_pba_2025","[""Gift, Novelty, & Souvenir Retailers""]"
6,459510,Used Merchandise Retailers,459,"census_2022,irs_pba_2025",[]
6,459910,Pet and Pet Supplies Retailers,459,"census_2022,irs_pba_2025","[""Pet & Pet Supplies Retailers""]"
6,459920,Art Dealers,459,"census_2022,irs_pba_2025",[]
6,459930,Manufactured (Mobile) Home Dealers,459,"census_2022,irs_pba_2025",[]
6,459990,"All Other Miscellaneous Retailers (including tobacco, candle, & trophy retailers)",459,irs_pba_2025,[]
6,459991,"Tobacco, Electronic Cigarette, and Other Smoking Supplies Retailers",459,census_2022,[]
6,459999,All Other Miscellaneous Retailers,459,census_2022,[]
6,481000,Air Transportation,481,irs_pba_2025,[]
6,481111,Scheduled Passenger Air Transportation,481,census_2022,[]
6,481112,Scheduled Freight Air Transportation,481,census_2022,[]
6,481211,Nonscheduled Chartered Passenger Air Transportation,481,census_2022,[]
6,481212,Nonscheduled Chartered Freight Air Transportation,481,census_2022,[]
6,481219,Other Nonscheduled Air Transportation,481,census_2022,[]
6,482110,Rail Transportation,482,irs_pba_2025,[]
6,482111,Line-Haul Railroads,482,census_2022,[]
6,482112,Short Line Railroads,482,census_2022,[]
6,483000,Water Transportation,483,irs_pba_2025,[]
6,483111,Deep Sea Freight Transportation,483,census_2022,[]
6,483112,Deep Sea Passenger Transportation,483,census_2022,[]
6,483113,Coastal and Great Lakes Freight Transportation,483,census_2022,[]
6,483114,Coastal and Great Lakes Passenger Transportation,483,census_2022,[]
6,483211,Inland Water Freight Transportation,483,census_2022,[]
6,483212,Inland Water Passenger Transportation,483,census_2022,[]
6,484110,"General Freight Trucking, Local",484,"census_2022,irs_pba_2025",[]
6,484120,"General Freight Trucking, Long-distance",484,irs_pba_2025,[]
6,484121,"General Freight Trucking, Long-Distance, Truckload",484,census_2022,[]
6,484122,"General Freight Trucking, Long-Distance, Less Than Truckload",484,census_2022,[]
6,484200,Specialized Freight Trucking,484,irs_pba_2025,[]
6,484210,Used Household and Office Goods Moving,484,census_2022,[]
6,484220,"Specialized Freight (except Used Goods) Trucking, Local",484,census_2022,[]
6,484230,"Specialized Freight (except Used Goods) Trucking, Long-Distance",484,census_2022,[]
6,485110,Urban Transit Systems,485,irs_pba_2025,[]
6,485111,Mixed Mode Transit Systems,485,census_2022,[]
6,485112,Commuter Rail Systems,485,census_2022,[]
6,485113,Bus and Other Motor Vehicle Transit Systems,485,census_2022,[]
6,485119,Other Urban Transit Systems,485,census_2022,[]
6,485210,Interurban and Rural Bus Transportation,485,"census_2022,irs_pba_2025","[""Interurban & Rural Bus Transportation""]"
6,485310,Taxi and Ridesharing Services,485,"census_2022,irs_pba_2025","[""Taxi & Ridesharing Services""]"
6,485320,Limousine Service,485,"census_2022,irs_pba_2025",[]
6,485410,School and Employee Bus Transportation,485,"census_2022,irs_pba_2025","[""School & Employee Bus Transportation""]"
6,485510,Charter Bus Industry,485,"census_2022,irs_pba_2025",[]
6,485990,Other Transit & Ground Passenger Transportation,485,irs_pba_2025,[]
6,485991,Special Needs Transportation,485,census_2022,[]
6,485999,All Other Transit and Ground Passenger Transportation,485,census_2022,[]
6,486000,Pipeline Transportation,486,irs_pba_2025,[]
6,486110,Pipeline Transportation of Crude Oil,486,census_2022,[]
6,486210,Pipeline Transportation of Natural Gas,486,census_2022,[]
6,486910,Pipeline Transportation of Refined Petroleum Products,486,census_2022,[]
6,486990,All Other Pipeline Transportation,486,census_2022,[]
6,487000,Scenic & Sightseeing Transportation,487,irs_pba_2025,[]
6,487110,"Scenic and Sightseeing Transportation, Land",487,census_2022,[]
6,487210,"Scenic and Sightseeing Transportation, Water",487,census_2022,[]
6,487990,"Scenic and Sightseeing Transportation, Other",487,census_2022,[]
6,488100,Support Activities for Air Transportation,488,irs_pba_2025,[]
6,488111,Air Traffic Control,488,census_2022,[]
6,488119,Other Airport Operations,488,census_2022,[]
6,488190,Other Support Activities for Air Transportation,488,census_2022,[]
6,488210,Support Activities for Rail Transportation,488,"census_2022,irs_pba_2025",[]
6,488300,Support Activities for Water Transportation,488,irs_pba_2025,[]
6,488310,Port and Harbor Operations,488,census_2022,[]
6,488320,Marine Cargo Handling,488,census_2022,[]
6,488330,Navigational Services to Shipping,488,census_2022,[]
6,488390,Other Support Activities for Water Transportation,488,census_2022,[]
6,488410,Motor Vehicle Towing,488,"census_2022,irs_pba_2025",[]
6,488490,Other Support Activities for Road Transportation,488,"census_2022,irs_pba_2025",[]
6,488510,Freight Transportation Arrangement,488,"census_2022,irs_pba_2025",[]
6,488990,Other Support Activities for Transportation,488,irs_pba_2025,[]
6,488991,Packing and Crating,488,census_2022,[]
6,488999,All Other Support Activities for Transportation,488,census_2022,[]
6,491110,Postal Service,491,census_2022,[]
6,492110,Couriers and Express Delivery Services,492,"census_2022,irs_pba_2025","[""Couriers & Express Delivery Services""]"
6,492210,Local Messengers and Local Delivery,492,"census_2022,irs_pba_2025","[""Local Messengers & Local Delivery""]"
6,493100,Warehousing & Storage (except lessors of miniwarehouses & self-storage units),493,irs_pba_2025,[]
6,493110,General Warehousing and Storage,493,census_2022,[]
6,493120,Refrigerated Warehousing and Storage,493,census_2022,[]
6,493130,Farm Product Warehousing and Storage,493,census_2022,[]
6,493190,Other Warehousing and Storage,493,census_2022,[]
6,512100,Motion Picture & Video Industries (except video rental),512,irs_pba_2025,[]
6,512110,Motion Picture and Video Production,512,census_2022,[]
6,512120,Motion Picture and Video Distribution,512,census_2022,[]
6,512131,Motion Picture Theaters (except Drive-Ins),512,census_2022,[]
6,512132,Drive-In Motion Picture Theaters,512,census_2022,[]
6,512191,Teleproduction and Other Postproduction Services,512,census_2022,[]
6,512199,Other Motion Picture and Video Industries,512,census_2022,[]
6,512200,Sound Recording Industries,512,irs_pba_2025,[]
6,512230,Music Publishers,512,census_2022,[]
6,512240,Sound Recording Studios,512,census_2022,[]
6,512250,Record Production and Distribution,512,census_2022,[]
6,512290,Other Sound Recording Industries,512,census_2022,[]
6,513110,Newspaper Publishers,513,"census_2022,irs_pba_2025",[]
6,513120,Periodical Publishers,513,"census_2022,irs_pba_2025",[]
6,513130,Book Publishers,513,"census_2022,irs_pba_2025",[]
6,513140,Directory and Mailing List Publishers,513,"census_2022,irs_pba_2025","[""Directory & Mailing List Publishers""]"
6,513190,Other Publishers,513,irs_pba_2025,[]
6,513191,Greeting Card Publishers,513,census_2022,[]
6,513199,All Other Publishers,513,census_2022,[]
6,513210,Software Publishers,513,"census_2022,irs_pba_2025",[]
6,516100,Radio & Television Broadcasting Stations,516,irs_pba_2025,[]
6,516110,Radio Broadcasting Stations,516,census_2022,[]
6,516120,Television Broadcasting Stations,516,census_2022,[]
6,516210,"Media Streaming Distribution Services, Social Networks, and Other Media Networks and Content Providers",516,"census_2022,irs_pba_2025","[""Media Streaming, Social Networks, & Other Content Providers""]"
6,517000,"Telecommunications (including Wired, Wireless, Satellite, Cable & Other Program Distribution, Resellers, Agents, Other Telecommunications, & Internet Service Providers)",517,irs_pba_2025,[]
6,517111,Wired Telecommunications Carriers,517,census_2022,[]
6,517112,Wireless Telecommunications Carriers (except Satellite),517,census_2022,[]
6,517121,Telecommunications Resellers,517,census_2022,[]
6,517122,Agents for Wireless Telecommunications Services,517,census_2022,[]
6,517410,Satellite Telecommunications,517,census_2022,[]
6,517810,All Other Telecommunications,517,census_2022,[]
6,518210,"Computing Infrastructure Providers, Data Processing, Web Hosting, and Related Services",518,"census_2022,irs_pba_2025","[""Computing Infrastructure Providers, Data Processing, Web Hosting, & Related Services""]"
6,519200,"Web Search Portals, Libraries, Archives, & Other Info. Services",519,irs_pba_2025,[]
6,519210,Libraries and Archives,519,census_2022,[]
6,519290,Web Search Portals and All Other Information Services,519,census_2022,[]
6,521110,Monetary Authorities-Central Bank,521,census_2022,[]
6,522110,Commercial Banking,522,"census_2022,irs_pba_2025",[]
6,522130,Credit Unions,522,"census_2022,irs_pba_2025",[]
6,522180,Savings Institutions and Other Depository Credit Intermediation,522,"census_2022,irs_pba_2025","[""Savings Institutions & Other Depository Credit Intermediation""]"
6,522210,Credit Card Issuing,522,"census_2022,irs_pba_2025",[]
6,522220,Sales Financing,522,"census_2022,irs_pba_2025",[]
6,522291,Consumer Lending,522,"census_2022,irs_pba_2025",[]
6,522292,Real Estate Credit,522,"census_2022,irs_pba_2025","[""Real Estate Credit (including mortgage bankers & originators)""]"
6,522299,"International, Secondary Market, and All Other Nondepository Credit Intermediation",522,"census_2022,irs_pba_2025","[""Intl, Secondary Market, & Other Nondepos. Credit Intermediation""]"
6,522300,"Activities Related to Credit Intermediation (including loan brokers, check clearing, & money transmitting)",522,irs_pba_2025,[]
6,522310,Mortgage and Nonmortgage Loan Brokers,522,census_2022,[]
6,522320,"Financial Transactions Processing, Reserve, and Clearinghouse Activities",522,census_2022,[]
6,522390,Other Activities Related to Credit Intermediation,522,census_2022,[]
6,523150,Investment Banking and Securities Intermediation,523,"census_2022,irs_pba_2025","[""Investment Banking & Securities Intermediation""]"
6,523160,Commodity Contracts Intermediation,523,"census_2022,irs_pba_2025",[]
6,523210,Securities and Commodity Exchanges,523,"census_2022,irs_pba_2025","[""Securities & Commodity Exchanges""]"
6,523900,Other Financial Investment Activities (including portfolio management & investment advice),523,irs_pba_2025,[]
6,523910,Miscellaneous Intermediation,523,census_2022,[]
6,523940,Portfolio Management and Investment Advice,523,census_2022,[]
6,523991,"Trust, Fiduciary, and Custody Activities",523,census_2022,[]
6,523999,Miscellaneous Financial Investment Activities,523,census_2022,[]
6,524110,"Direct Life, Health, & Medical Insurance Carriers",524,irs_pba_2025,[]
6,524113,Direct Life Insurance Carriers,524,census_2022,[]
6,524114,Direct Health and Medical Insurance Carriers,524,census_2022,[]
6,524120,"Direct Insurance (except Life, Health, & Medical) Carriers",524,irs_pba_2025,[]
6,524126,Direct Property and Casualty Insurance Carriers,524,census_2022,[]
6,524127,Direct Title Insurance Carriers,524,census_2022,[]
6,524128,"Other Direct Insurance (except Life, Health, and Medical) Carriers",524,census_2022,[]
6,524130,Reinsurance Carriers,524,census_2022,[]
6,524210,Insurance Agencies and Brokerages,524,"census_2022,irs_pba_2025","[""Insurance Agencies & Brokerages""]"
6,524290,Other Insurance Related Activities (including third-party administration of insurance & pension funds),524,irs_pba_2025,[]
6,524291,Claims Adjusting,524,census_2022,[]
6,524292,Pharmacy Benefit Management and Other Third Party Administration of Insurance and Pension Funds,524,census_2022,[]
6,524298,All Other Insurance Related Activities,524,census_2022,[]
6,525100,Insurance & Employee Benefit Funds,525,irs_pba_2025,[]
6,525110,Pension Funds,525,census_2022,[]
6,525120,Health and Welfare Funds,525,census_2022,[]
6,525190,Other Insurance Funds,525,census_2022,[]
6,525910,Open-End Investment Funds,525,"census_2022,irs_pba_2025","[""Open-End Investment Funds (Form 1120-RIC)""]"
6,525920,"Trusts, Estates, and Agency Accounts",525,"census_2022,irs_pba_2025","[""Trusts, Estates, & Agency Accounts""]"
6,525990,Other Financial Vehicles,525,"census_2022,irs_pba_2025","[""Other Financial Vehicles (including mortgage REITs & closed-end investment funds)""]"
6,531110,Lessors of Residential Buildings and Dwellings,531,"census_2022,irs_pba_2025","[""Lessors of Residential Buildings & Dwellings (including equity REITs)""]"
6,531120,Lessors of Nonresidential Buildings (except Miniwarehouses),531,"census_2022,irs_pba_2025","[""Lessors of Nonresidential Buildings (except Miniwarehouses) (including equity REITs)""]"
6,531130,Lessors of Miniwarehouses and Self-Storage Units,531,"census_2022,irs_pba_2025","[""Lessors of Miniwarehouses & Self-Storage Units (including equity REITs)""]"
6,531190,Lessors of Other Real Estate Property,531,"census_2022,irs_pba_2025","[""Lessors of Other Real Estate Property (including equity REITs)""]"
6,531210,Offices of Real Estate Agents and Brokers,531,"census_2022,irs_pba_2025","[""Offices of Real Estate Agents & Brokers""]"
6,531310,Real Estate Property Managers,531,irs_pba_2025,[]
6,531311,Residential Property Managers,531,census_2022,[]
6,531312,Nonresidential Property Managers,531,census_2022,[]
6,531320,Offices of Real Estate Appraisers,531,"census_2022,irs_pba_2025",[]
6,531390,Other Activities Related to Real Estate,531,"census_2022,irs_pba_2025",[]
6,532100,Automotive Equipment Rental & Leasing,532,irs_pba_2025,[]
6,532111,Passenger Car Rental,532,census_2022,[]
6,532112,Passenger Car Leasing,532,census_2022,[]
6,532120,"Truck, Utility Trailer, and RV (Recreational Vehicle) Rental and Leasing",532,census_2022,[]
6,532210,Consumer Electronics and Appliances Rental,532,"census_2022,irs_pba_2025","[""Consumer Electronics & Appliances Rental""]"
6,532281,Formal Wear and Costume Rental,532,"census_2022,irs_pba_2025","[""Formal Wear & Costume Rental""]"
6,532282,Video Tape and Disc Rental,532,"census_2022,irs_pba_2025","[""Video Tape & Disc Rental""]"
6,532283,Home Health Equipment Rental,532,"census_2022,irs_pba_2025",[]
6,532284,Recreational Goods Rental,532,"census_2022,irs_pba_2025",[]
6,532289,All Other Consumer Goods Rental,532,"census_2022,irs_pba_2025",[]
6,532310,General Rental Centers,532,"census_2022,irs_pba_2025",[]
6,532400,Commercial & Industrial Machinery & Equipment Rental & Leasing,532,irs_pba_2025,[]
6,532411,"Commercial Air, Rail, and Water Transportation Equipment Rental and Leasing",532,census_2022,[]
6,532412,"Construction, Mining, and Forestry Machinery and Equipment Rental and Leasing",532,census_2022,[]
6,532420,Office Machinery and Equipment Rental and Leasing,532,census_2022,[]
6,532490,Other Commercial and Industrial Machinery and Equipment Rental and Leasing,532,census_2022,[]
6,533110,Lessors of Nonfinancial Intangible Assets (except Copyrighted Works),533,"census_2022,irs_pba_2025",[]
6,541110,Offices of Lawyers,541,"census_2022,irs_pba_2025",[]
6,541120,Offices of Notaries,541,census_2022,[]
6,541190,Other Legal Services,541,irs_pba_2025,[]
6,541191,Title Abstract and Settlement Offices,541,census_2022,[]
6,541199,All Other Legal Services,541,census_2022,[]
6,541211,Offices of Certified Public Accountants,541,"census_2022,irs_pba_2025",[]
6,541213,Tax Preparation Services,541,"census_2022,irs_pba_2025",[]
6,541214,Payroll Services,541,"census_2022,irs_pba_2025",[]
6,541219,Other Accounting Services,541,"census_2022,irs_pba_2025",[]
6,541310,Architectural Services,541,"census_2022,irs_pba_2025",[]
6,541320,Landscape Architectural Services,541,"census_2022,irs_pba_2025","[""Landscape Architecture Services""]"
6,541330,Engineering Services,541,"census_2022,irs_pba_2025",[]
6,541340,Drafting Services,541,"census_2022,irs_pba_2025",[]
6,541350,Building Inspection Services,541,"census_2022,irs_pba_2025",[]
6,541360,Geophysical Surveying and Mapping Services,541,"census_2022,irs_pba_2025","[""Geophysical Surveying & Mapping Services""]"
6,541370,Surveying and Mapping (except Geophysical) Services,541,"census_2022,irs_pba_2025","[""Surveying & Mapping (except Geophysical) Services""]"
6,541380,Testing Laboratories and Services,541,"census_2022,irs_pba_2025","[""Testing Laboratories & Services""]"
6,541400,"Specialized Design Services (including interior, industrial, graphic, & fashion design)",541,irs_pba_2025,[]
6,541410,Interior Design Services,541,census_2022,[]
6,541420,Industrial Design Services,541,census_2022,[]
6,541430,Graphic Design Services,541,census_2022,[]
6,541490,Other Specialized Design Services,541,census_2022,[]
6,541511,Custom Computer Programming Services,541,"census_2022,irs_pba_2025",[]
6,541512,Computer Systems Design Services,541,"census_2022,irs_pba_2025",[]
6,541513,Computer Facilities Management Services,541,"census_2022,irs_pba_2025",[]
6,541519,Other Computer Related Services,541,"census_2022,irs_pba_2025",[]
6,541600,"Management, Scientific, & Technical Consulting Services",541,irs_pba_2025,[]
6,541611,Administrative Management and General Management Consulting Services,541,census_2022,[]
6,541612,Human Resources Consulting Services,541,census_2022,[]
6,541613,Marketing Consulting Services,541,census_2022,[]
6,541614,"Process, Physical Distribution, and Logistics Consulting Services",541,census_2022,[]
6,541618,Other Management Consulting Services,541,census_2022,[]
6,541620,Environmental Consulting Services,541,census_2022,[]
6,541690,Other Scientific and Technical Consulting Services,541,census_2022,[]
6,541700,Scientific Research & Development Services,541,irs_pba_2025,[]
6,541713,Research and Development in Nanotechnology,541,census_2022,[]
6,541714,Research and Development in Biotechnology (except Nanobiotechnology),541,census_2022,[]
6,541715,"Research and Development in the Physical, Engineering, and Life Sciences (except Nanotechnology and Biotechnology)",541,census_2022,[]
6,541720,Research and Development in the Social Sciences and Humanities,541,census_2022,[]
6,541800,"Advertising, Public Relations, & Related Services",541,irs_pba_2025,[]
6,541810,Advertising Agencies,541,census_2022,[]
6,541820,Public Relations Agencies,541,census_2022,[]
6,541830,Media Buying Agencies,541,census_2022,[]
6,541840,Media Representatives,541,census_2022,[]
6,541850,Indoor and Outdoor Display Advertising,541,census_2022,[]
6,541860,Direct Mail Advertising,541,census_2022,[]
6,541870,Advertising Material Distribution Services,541,census_2022,[]
6,541890,Other Services Related to Advertising,541,census_2022,[]
6,541910,Marketing Research and Public Opinion Polling,541,"census_2022,irs_pba_2025","[""Marketing Research & Public Opinion Polling""]"
6,541920,Photographic Services,541,irs_pba_2025,[]
6,541921,"Photography Studios, Portrait",541,census_2022,[]
6,541922,Commercial Photography,541,census_2022,[]
6,541930,Translation and Interpretation Services,541,"census_2022,irs_pba_2025","[""Translation & Interpretation Services""]"
6,541940,Veterinary Services,541,"census_2022,irs_pba_2025",[]
6,541990,"All Other Professional, Scientific, and Technical Services",541,"census_2022,irs_pba_2025","[""All Other Professional, Scientific, & Technical Services""]"
6,551111,Offices of Bank Holding Companies,551,"census_2022,irs_pba_2025",[]
6,551112,Offices of Other Holding Companies,551,"census_2022,irs_pba_2025",[]
6,551114,"Corporate, Subsidiary, and Regional Managing Offices",551,census_2022,[]
6,561110,Office Administrative Services,561,"census_2022,irs_pba_2025",[]
6,561210,Facilities Support Services,561,"census_2022,irs_pba_2025",[]
6,561300,Employment Services,561,irs_pba_2025,[]
6,561311,Employment Placement Agencies,561,census_2022,[]
6,561312,Executive Search Services,561,census_2022,[]
6,561320,Temporary Help Services,561,census_2022,[]
6,561330,Professional Employer Organizations,561,census_2022,[]
6,561410,Document Preparation Services,561,"census_2022,irs_pba_2025",[]
6,561420,Telephone Call Centers,561,irs_pba_2025,[]
6,561421,Telephone Answering Services,561,census_2022,[]
6,561422,Telemarketing Bureaus and Other Contact Centers,561,census_2022,[]
6,561430,Business Service Centers (including private mail centers & copy shops),561,irs_pba_2025,[]
6,561431,Private Mail Centers,561,census_2022,[]
6,561439,Other Business Service Centers (including Copy Shops),561,census_2022,[]
6,561440,Collection Agencies,561,"census_2022,irs_pba_2025",[]
6,561450,Credit Bureaus,561,"census_2022,irs_pba_2025",[]
6,561490,"Other Business Support Services (including repossession services, court reporting, & stenotype services)",561,irs_pba_2025,[]
6,561491,Repossession Services,561,census_2022,[]
6,561492,Court Reporting and Stenotype Services,561,census_2022,[]
6,561499,All Other Business Support Services,561,census_2022,[]
6,561500,Travel Arrangement & Reservation Services,561,irs_pba_2025,[]
6,561510,Travel Agencies,561,census_2022,[]
6,561520,Tour Operators,561,census_2022,[]
6,561591,Convention and Visitors Bureaus,561,census_2022,[]
6,561599,All Other Travel Arrangement and Reservation Services,561,census_2022,[]
6,561600,Investigation & Security Services,561,irs_pba_2025,[]
6,561611,Investigation and Personal Background Check Services,561,census_2022,[]
6,561612,Security Guards and Patrol Services,561,census_2022,[]
6,561613,Armored Car Services,561,census_2022,[]
6,561621,Security Systems Services (except Locksmiths),561,census_2022,[]
6,561622,Locksmiths,561,census_2022,[]
6,561710,Exterminating and Pest Control Services,561,"census_2022,irs_pba_2025","[""Exterminating & Pest Control Services""]"
6,561720,Janitorial Services,561,"census_2022,irs_pba_2025",[]
6,561730,Landscaping Services,561,"census_2022,irs_pba_2025",[]
6,561740,Carpet and Upholstery Cleaning Services,561,"census_2022,irs_pba_2025","[""Carpet & Upholstery Cleaning Services""]"
6,561790,Other Services to Buildings and Dwellings,561,"census_2022,irs_pba_2025","[""Other Services to Buildings & Dwellings""]"
6,561900,"Other Support Services (including packaging & labeling services, & convention & trade show organizers)",561,irs_pba_2025,[]
6,561910,Packaging and Labeling Services,561,census_2022,[]
6,561920,Convention and Trade Show Organizers,561,census_2022,[]
6,561990,All Other Support Services,561,census_2022,[]
6,562000,Waste Management & Remediation Services,562,irs_pba_2025,[]
6,562111,Solid Waste Collection,562,census_2022,[]
6,562112,Hazardous Waste Collection,562,census_2022,[]
6,562119,Other Waste Collection,562,census_2022,[]
6,562211,Hazardous Waste Treatment and Disposal,562,census_2022,[]
6,562212,Solid Waste Landfill,562,census_2022,[]
6,562213,Solid Waste Combustors and Incinerators,562,census_2022,[]
6,562219,Other Nonhazardous Waste Treatment and Disposal,562,census_2022,[]
6,562910,Remediation Services,562,census_2022,[]
6,562920,Materials Recovery Facilities,562,census_2022,[]
6,562991,Septic Tank and Related Services,562,census_2022,[]
6,562998,All Other Miscellaneous Waste Management Services,562,census_2022,[]
6,611000,"Educational Services (including schools, colleges, & universities)",611,irs_pba_2025,[]
6,611110,Elementary and Secondary Schools,611,census_2022,[]
6,611210,Junior Colleges,611,census_2022,[]
6,611310,"Colleges, Universities, and Professional Schools",611,census_2022,[]
6,611410,Business and Secretarial Schools,611,census_2022,[]
6,611420,Computer Training,611,census_2022,[]
6,611430,Professional and Management Development Training,611,census_2022,[]
6,611511,Cosmetology and Barber Schools,611,census_2022,[]
6,611512,Flight Training,611,census_2022,[]
6,611513,Apprenticeship Training,611,census_2022,[]
6,611519,Other Technical and Trade Schools,611,census_2022,[]
6,611610,Fine Arts Schools,611,census_2022,[]
6,611620,Sports and Recreation Instruction,611,census_2022,[]
6,611630,Language Schools,611,census_2022,[]
6,611691,Exam Preparation and Tutoring,611,census_2022,[]
6,611692,Automobile Driving Schools,611,census_2022,[]
6,611699,All Other Miscellaneous Schools and Instruction,611,census_2022,[]
6,611710,Educational Support Services,611,census_2022,[]
6,621111,Offices of Physicians (except Mental Health Specialists),621,"census_2022,irs_pba_2025",[]
6,621112,"Offices of Physicians, Mental Health Specialists",621,"census_2022,irs_pba_2025",[]
6,621210,Offices of Dentists,621,"census_2022,irs_pba_2025",[]
6,621310,Offices of Chiropractors,621,"census_2022,irs_pba_2025",[]
6,621320,Offices of Optometrists,621,"census_2022,irs_pba_2025",[]
6,621330,Offices of Mental Health Practitioners (except Physicians),621,"census_2022,irs_pba_2025",[]
6,621340,"Offices of Physical, Occupational and Speech Therapists, and Audiologists",621,"census_2022,irs_pba_2025","[""Offices of Physical, Occupational & Speech Therapists, & Audiologists""]"
6,621391,Offices of Podiatrists,621,"census_2022,irs_pba_2025",[]
6,621399,Offices of All Other Miscellaneous Health Practitioners,621,"census_2022,irs_pba_2025",[]
6,621410,Family Planning Centers,621,"census_2022,irs_pba_2025",[]
6,621420,Outpatient Mental Health and Substance Abuse Centers,621,"census_2022,irs_pba_2025","[""Outpatient Mental Health & Substance Abuse Centers""]"
6,621491,HMO Medical Centers,621,"census_2022,irs_pba_2025",[]
6,621492,Kidney Dialysis Centers,621,"census_2022,irs_pba_2025",[]
6,621493,Freestanding Ambulatory Surgical and Emergency Centers,621,"census_2022,irs_pba_2025","[""Freestanding Ambulatory Surgical & Emergency Centers""]"
6,621498,All Other Outpatient Care Centers,621,"census_2022,irs_pba_2025",[]
6,621510,Medical & Diagnostic Laboratories,621,irs_pba_2025,[]
6,621511,Medical Laboratories,621,census_2022,[]
6,621512,Diagnostic Imaging Centers,621,census_2022,[]
6,621610,Home Health Care Services,621,"census_2022,irs_pba_2025",[]
6,621900,Other Ambulatory Health Care Services (including ambulance services & blood & organ banks),621,irs_pba_2025,[]
6,621910,Ambulance Services,621,census_2022,[]
6,621991,Blood and Organ Banks,621,census_2022,[]
6,621999,All Other Miscellaneous Ambulatory Health Care Services,621,census_2022,[]
6,622000,Hospitals,622,irs_pba_2025,[]
6,622110,General Medical and Surgical Hospitals,622,census_2022,[]
6,622210,Psychiatric and Substance Abuse Hospitals,622,census_2022,[]
6,622310,Specialty (except Psychiatric and Substance Abuse) Hospitals,622,census_2022,[]
6,623000,Nursing & Residential Care Facilities,623,irs_pba_2025,[]
6,623110,Nursing Care Facilities (Skilled Nursing Facilities),623,census_2022,[]
6,623210,Residential Intellectual and Developmental Disability Facilities,623,census_2022,[]
6,623220,Residential Mental Health and Substance Abuse Facilities,623,census_2022,[]
6,623311,Continuing Care Retirement Communities,623,census_2022,[]
6,623312,Assisted Living Facilities for the Elderly,623,census_2022,[]
6,623990,Other Residential Care Facilities,623,census_2022,[]
6,624100,Individual & Family Services,624,irs_pba_2025,[]
6,624110,Child and Youth Services,624,census_2022,[]
6,624120,Services for the Elderly and Persons with Disabilities,624,census_2022,[]
6,624190,Other Individual and Family Services,624,census_2022,[]
6,624200,"Community Food & Housing, & Emergency & Other Relief Services",624,irs_pba_2025,[]
6,624210,Community Food Services,624,census_2022,[]
6,624221,Temporary Shelters,624,census_2022,[]
6,624229,Other Community Housing Services,624,census_2022,[]
6,624230,Emergency and Other Relief Services,624,census_2022,[]
6,624310,Vocational Rehabilitation Services,624,"census_2022,irs_pba_2025",[]
6,624410,Child Care Services,624,"census_2022,irs_pba_2025","[""Childcare Services""]"
6,711100,Performing Arts Companies,711,irs_pba_2025,[]
6,711110,Theater Companies and Dinner Theaters,711,census_2022,[]
6,711120,Dance Companies,711,census_2022,[]
6,711130,Musical Groups and Artists,711,census_2022,[]
6,711190,Other Performing Arts Companies,711,census_2022,[]
6,711210,Spectator Sports (including sports clubs & racetracks),711,irs_pba_2025,[]
6,711211,Sports Teams and Clubs,711,census_2022,[]
6,711212,Racetracks,711,census_2022,[]
6,711219,Other Spectator Sports,711,census_2022,[]
6,711300,"Promoters of Performing Arts, Sports, & Similar Events",711,irs_pba_2025,[]
6,711310,"Promoters of Performing Arts, Sports, and Similar Events with Facilities",711,census_2022,[]
6,711320,"Promoters of Performing Arts, Sports, and Similar Events without Facilities",711,census_2022,[]
6,711410,"Agents and Managers for Artists, Athletes, Entertainers, and Other Public Figures",711,"census_2022,irs_pba_2025","[""Agents & Managers for Artists, Athletes, Entertainers, & Other Public Figures""]"
6,711510,"Independent Artists, Writers, and Performers",711,"census_2022,irs_pba_2025","[""Independent Artists, Writers, & Performers""]"
6,712100,"Museums, Historical Sites, & Similar Institutions",712,irs_pba_2025,[]
6,712110,Museums,712,census_2022,[]
6,712120,Historical Sites,712,census_2022,[]
6,712130,Zoos and Botanical Gardens,712,census_2022,[]
6,712190,Nature Parks and Other Similar Institutions,712,census_2022,[]
6,713100,Amusement Parks & Arcades,713,irs_pba_2025,[]
6,713110,Amusement and Theme Parks,713,census_2022,[]
6,713120,Amusement Arcades,713,census_2022,[]
6,713200,Gambling Industries,713,irs_pba_2025,[]
6,713210,Casinos (except Casino Hotels),713,census_2022,[]
6,713290,Other Gambling Industries,713,census_2022,[]
6,713900,"Other Amusement & Recreation Industries (including golf courses, skiing facilities, marinas, fitness centers, & bowling centers)",713,irs_pba_2025,[]
6,713910,Golf Courses and Country Clubs,713,census_2022,[]
6,713920,Skiing Facilities,713,census_2022,[]
6,713930,Marinas,713,census_2022,[]
6,713940,Fitness and Recreational Sports Centers,713,census_2022,[]
6,713950,Bowling Centers,713,census_2022,[]
6,713990,All Other Amusement and Recreation Industries,713,census_2022,[]
6,721110,Hotels (except Casino Hotels) and Motels,721,"census_2022,irs_pba_2025","[""Hotels (except Casino Hotels) & Motels""]"
6,721120,Casino Hotels,721,"census_2022,irs_pba_2025",[]
6,721191,Bed-and-Breakfast Inns,721,"census_2022,irs_pba_2025","[""Bed & Breakfast Inns""]"
6,721199,All Other Traveler Accommodation,721,"census_2022,irs_pba_2025",[]
6,721210,RV (Recreational Vehicle) Parks & Recreational Camps,721,irs_pba_2025,[]
6,721211,RV (Recreational Vehicle) Parks and Campgrounds,721,census_2022,[]
6,721214,Recreational and Vacation Camps (except Campgrounds),721,census_2022,[]
6,721310,"Rooming and Boarding Houses, Dormitories, and Workers' Camps",721,"census_2022,irs_pba_2025","[""Rooming & Boarding Houses, Dormitories, & Workers\u2019 Camps""]"
6,722300,Special Food Services (including food service contractors & caterers),722,irs_pba_2025,[]
6,722310,Food Service Contractors,722,census_2022,[]
6,722320,Caterers,722,census_2022,[]
6,722330,Mobile Food Services,722,census_2022,[]
6,722410,Drinking Places (Alcoholic Beverages),722,"census_2022,irs_pba_2025",[]
6,722511,Full-Service Restaurants,722,"census_2022,irs_pba_2025",[]
6,722513,Limited-Service Restaurants,722,"census_2022,irs_pba_2025",[]
6,722514,"Cafeterias, Grill Buffets, and Buffets",722,"census_2022,irs_pba_2025","[""Cafeterias, Grill Buffets, & Buffets""]"
6,722515,Snack and Nonalcoholic Beverage Bars,722,"census_2022,irs_pba_2025","[""Snack & Non-alcoholic Beverage Bars""]"
6,811110,Automotive Mechanical & Electrical Repair & Maintenance,811,irs_pba_2025,[]
6,811111,General Automotive Repair,811,census_2022,[]
6,811114,Specialized Automotive Repair,811,census_2022,[]
6,811120,"Automotive Body, Paint, Interior, & Glass Repair",811,irs_pba_2025,[]
6,811121,"Automotive Body, Paint, and Interior Repair and Maintenance",811,census_2022,[]
6,811122,Automotive Glass Replacement Shops,811,census_2022,[]
6,811190,Other Automotive Repair & Maintenance (including oil change & lubrication shops & car washes),811,irs_pba_2025,[]
6,811191,Automotive Oil Change and Lubrication Shops,811,census_2022,[]
6,811192,Car Washes,811,census_2022,[]
6,811198,All Other Automotive Repair and Maintenance,811,census_2022,[]
6,811210,Electronic and Precision Equipment Repair and Maintenance,811,"census_2022,irs_pba_2025","[""Electronic & Precision Equipment Repair & Maintenance""]"
6,811310,Commercial and Industrial Machinery and Equipment (except Automotive and Electronic) Repair and Maintenance,811,"census_2022,irs_pba_2025","[""Commercial & Industrial Machinery & Equipment (except Automotive & Electronic) Repair & Maintenance""]"
6,811410,Home & Garden Equipment & Appliance Repair & Maintenance,811,irs_pba_2025,[]
6,811411,Home and Garden Equipment Repair and Maintenance,811,census_2022,[]
6,811412,Appliance Repair and Maintenance,811,census_2022,[]
6,811420,Reupholstery and Furniture Repair,811,"census_2022,irs_pba_2025","[""Reupholstery & Furniture Repair""]"
6,811430,Footwear and Leather Goods Repair,811,"census_2022,irs_pba_2025","[""Footwear & Leather Goods Repair""]"
6,811490,Other Personal and Household Goods Repair and Maintenance,811,"census_2022,irs_pba_2025","[""Other Personal & Household Goods Repair & Maintenance""]"
6,812111,Barber Shops,812,"census_2022,irs_pba_2025",[]
6,812112,Beauty Salons,812,"census_2022,irs_pba_2025",[]
6,812113,Nail Salons,812,"census_2022,irs_pba_2025",[]
6,812190,Other Personal Care Services (including diet & weight reducing centers),812,irs_pba_2025,[]
6,812191,Diet and Weight Reducing Centers,812,census_2022,[]
6,812199,Other Personal Care Services,812,census_2022,[]
6,812210,Funeral Homes and Funeral Services,812,"census_2022,irs_pba_2025","[""Funeral Homes & Funeral Services""]"
6,812220,Cemeteries and Crematories,812,"census_2022,irs_pba_2025","[""Cemeteries & Crematories""]"
6,812310,Coin-Operated Laundries and Drycleaners,812,"census_2022,irs_pba_2025","[""Coin-Operated Laundries & Drycleaners""]"
6,812320,Drycleaning and Laundry Services (except Coin-Operated),812,"census_2022,irs_pba_2025","[""Drycleaning & Laundry Services (except Coin-Operated)""]"
6,812330,Linen & Uniform Supply,812,irs_pba_2025,[]
6,812331,Linen Supply,812,census_2022,[]
6,812332,Industrial Launderers,812,census_2022,[]
6,812910,Pet Care (except Veterinary) Services,812,"census_2022,irs_pba_2025",[]
6,812920,Photofinishing,812,irs_pba_2025,[]
6,812921,Photofinishing Laboratories (except One-Hour),812,census_2022,[]
6,812922,One-Hour Photofinishing,812,census_2022,[]
6,812930,Parking Lots and Garages,812,"census_2022,irs_pba_2025","[""Parking Lots & Garages""]"
6,812990,All Other Personal Services,812,"census_2022,irs_pba_2025",[]
6,813000,"Religious, Grantmaking, Civic, Professional, & Similar Organizations (including condominium & homeowners associations)",813,irs_pba_2025,[]
6,813110,Religious Organizations,813,census_2022,[]
6,813211,Grantmaking Foundations,813,census_2022,[]
6,813212,Voluntary Health Organizations,813,census_2022,[]
6,813219,Other Grantmaking and Giving Services,813,census_2022,[]
6,813311,Human Rights Organizations,813,census_2022,[]
6,813312,"Environment, Conservation and Wildlife Organizations",813,census_2022,[]
6,813319,Other Social Advocacy Organizations,813,census_2022,[]
6,813410,Civic and Social Organizations,813,census_2022,[]
6,813910,Business Associations,813,census_2022,[]
6,813920,Professional Organizations,813,census_2022,[]
6,813930,Labor Unions and Similar Labor Organizations,813,census_2022,[]
6,813940,Political Organizations,813,census_2022,[]
6,813990,"Other Similar Organizations (except Business, Professional, Labor, and Political Organizations)",813,census_2022,[]
6,814110,Private Households,814,census_2022,[]
6,921110,Executive Offices,921,census_2022,[]
6,921120,Legislative Bodies,921,census_2022,[]
6,921130,Public Finance Activities,921,census_2022,[]
6,921140,"Executive and Legislative Offices, Combined",921,census_2022,[]
6,921150,American Indian and Alaska Native Tribal Governments,921,census_2022,[]
6,921190,Other General Government Support,921,census_2022,[]
6,922110,Courts,922,census_2022,[]
6,922120,Police Protection,922,census_2022,[]
6,922130,Legal Counsel and Prosecution,922,census_2022,[]
6,922140,Correctional Institutions,922,census_2022,[]
6,922150,Parole Offices and Probation Offices,922,census_2022,[]
6,922160,Fire Protection,922,census_2022,[]
6,922190,"Other Justice, Public Order, and Safety Activities",922,census_2022,[]
6,923110,Administration of Education Programs,923,census_2022,[]
6,923120,Administration of Public Health Programs,923,census_2022,[]
6,923130,"Administration of Human Resource Programs (except Education, Public Health, and Veterans' Affairs Programs)",923,census_2022,[]
6,923140,Administration of Veterans' Affairs,923,census_2022,[]
6,924110,Administration of Air and Water Resource and Solid Waste Management Programs,924,census_2022,[]
6,924120,Administration of Conservation Programs,924,census_2022,[]
6,925110,Administration of Housing Programs,925,census_2022,[]
6,925120,Administration of Urban Planning and Community and Rural Development,925,census_2022,[]
6,926110,Administration of General Economic Programs,926,census_2022,[]
6,926120,Regulation and Administration of Transportation Programs,926,census_2022,[]
6,926130,"Regulation and Administration of Communications, Electric, Gas, and Other Utilities",926,census_2022,[]
6,926140,Regulation of Agricultural Marketing and Commodities,926,census_2022,[]
6,926150,"Regulation, Licensing, and Inspection of Miscellaneous Commercial Sectors",926,census_2022,[]
6,927110,Space Research and Technology,927,census_2022,[]
6,928110,National Security,928,census_2022,[]
6,928120,International Affairs,928,census_2022,[]
6,999000,Unclassified Establishments (unable to classify),999,irs_pba_2025,[]
